Source,Deal Date,Security Name,Client Name,Deal Type,Quantity,Trade Price
NSE,02/06/2025,AUBANK,LEAPFROG RURAL INCLUSION (INDIA) LIMITED,SELL,901261,693
NSE,02/06/2025,AUBANK,TATA AIG GENERAL INSURANCE CO LTD,BUY,901261,693
NSE,06/06/2025,BAJAJFINSV,ADITYA BIRLA SUN LIFE MUTUAL FUND,BUY,1298684,1925.2
NSE,06/06/2025,BAJAJFINSV,ASK ABSOLUTE RETURN FUND,BUY,111394,1925.2
NSE,06/06/2025,BAJAJFINSV,BAJAJ HOLDINGS AND INVESTMENT LIMITED,SELL,10400000,1925.2
NSE,06/06/2025,BAJAJFINSV,BARCLAYS MERCHANT BANK (SINGAPORE) LIMITED,BUY,53468,1925.2
NSE,06/06/2025,BAJAJFINSV,BOFA SECURITIES EUROPE SA,BUY,311903,1925.2
NSE,06/06/2025,BAJAJFINSV,BOFA SECURITIES EUROPE SA - ODI,BUY,1309986,1925.2
NSE,06/06/2025,BAJAJFINSV,CITIGROUP GLOBAL MARKETS MAURITIUS PVT LTD,BUY,289624,1925.2
NSE,06/06/2025,BAJAJFINSV,COPTHALL MAURITIUS INVESTMENT LIMITED,BUY,66837,1925.2
NSE,06/06/2025,BAJAJFINSV,DFC EMERGING MARKETS EQUITY FUND,BUY,420,1925.2
NSE,06/06/2025,BAJAJFINSV,DSP MUTUAL FUND,BUY,54592,1925.2
NSE,06/06/2025,BAJAJFINSV,EASTSPRING INVESTMENTS INDIA CONSUMER EQUITY OPEN LIMITED,BUY,235000,1925.2
NSE,06/06/2025,BAJAJFINSV,EASTSPRING INVESTMENTS INDIA EQUITY FUND,BUY,210000,1925.2
NSE,06/06/2025,BAJAJFINSV,EASTSPRING INVESTMENTS INDIA EQUITY OPEN LIMITED,BUY,195988,1925.2
NSE,06/06/2025,BAJAJFINSV,EDELWEISS MUTUAL FUND,BUY,519481,1925.2
NSE,06/06/2025,BAJAJFINSV,GOLDMAN SACHS (SINGAPORE) PTE,BUY,222788,1925.2
NSE,06/06/2025,BAJAJFINSV,GOLDMAN SACHS INVESTMENTS (MAURITIUS) I LIMITED  SHORT TERM,BUY,222788,1925.2
NSE,06/06/2025,BAJAJFINSV,HDFC MUTUAL FUND,BUY,1165845,1925.2
NSE,06/06/2025,BAJAJFINSV,ICICI PRUDENTIAL LIFE INSURANCE COMPANY LIMITED,BUY,467533,1925.2
NSE,06/06/2025,BAJAJFINSV,ICICI PRUDENTIAL MUTUAL FUND,BUY,7792208,1925.2
NSE,06/06/2025,BAJAJFINSV,INDIA ACORN ICAV - ASHOKA WHITEOAK EMERGING MARKETS EQUITY FUND,BUY,135065,1925.2
NSE,06/06/2025,BAJAJFINSV,INSTITUTIONAL VANDHA A/C,BUY,123139,1925.2
NSE,06/06/2025,BAJAJFINSV,JAMNALAL SONS PRIVATE LIMITED,SELL,18200000,1925.2
NSE,06/06/2025,BAJAJFINSV,JAPAN TRUSTEES SERVICE BANK LTD A/C JF INDIA EQUITY OPEN MOTHER FUND,BUY,69409,1925.2
NSE,06/06/2025,BAJAJFINSV,JP MORGAN FUNDS,BUY,186577,1925.2
NSE,06/06/2025,BAJAJFINSV,JPMORGAN INDIA FUND,BUY,283430,1925.2
NSE,06/06/2025,BAJAJFINSV,JPMORGAN INDIAN INVESTMENT TRUST PLC,BUY,465408,1925.2
NSE,06/06/2025,BAJAJFINSV,LANSFORSAKRINGAR TILLVAXTMARKNAD AKTIV,BUY,4811,1925.2
NSE,06/06/2025,BAJAJFINSV,LEADING LIGHT FUND VCC - THE TRIUMPH FUND,BUY,75748,1925.2
NSE,06/06/2025,BAJAJFINSV,MORGAN STANLEY ASIA SINGAPORE PTE,BUY,133674,1925.2
NSE,06/06/2025,BAJAJFINSV,MORGAN STANLEY ASIA SINGAPORE PTE,BUY,2178856,1925.2
NSE,06/06/2025,BAJAJFINSV,NOMURA SINGAPORE LIMITED,BUY,53471,1925.2
NSE,06/06/2025,BAJAJFINSV,NTCC COLL FUNDS FOR EMPLOYEE BENEFIT TRUST -NTCC EMERGING MARKETS FUND FEBT,BUY,2043,1925.2
NSE,06/06/2025,BAJAJFINSV,OP-INDIA FUND,BUY,40333,1925.2
NSE,06/06/2025,BAJAJFINSV,PRUDENTAL ASSET MGT (SINGAPORE) A/C PRU AST MGT SINGAPORE AC INT OPP FD DRAGON PEACOCK,BUY,41121,1925.2
NSE,06/06/2025,BAJAJFINSV,PRUDENTIAL ASSET MGT. (SINGAPORE) A/C DRAGON PEACOCK INVESTMENTS LTD,BUY,62642,1925.2
NSE,06/06/2025,BAJAJFINSV,SBI LIFE INSURANCE COMPANY LIMITED,BUY,311689,1925.2
NSE,06/06/2025,BAJAJFINSV,SBI MUTUAL FUND,BUY,7792208,1925.2
NSE,06/06/2025,BAJAJFINSV,SCOTIA PRIVATE EMERGING MARKETS POOL,BUY,1041,1925.2
NSE,06/06/2025,BAJAJFINSV,SOCIETE GENERALE,BUY,1011452,1925.2
NSE,06/06/2025,BAJAJFINSV,TARA EMERGING ASIA LIQUID FUND,BUY,51952,1925.2
NSE,06/06/2025,BAJAJFINSV,TATA EQUITY PLUS ABSOLUTE RETURNS FUND,BUY,103897,1925.2
NSE,06/06/2025,BAJAJFINSV,TATA MUTUAL FUND,BUY,454284,1925.2
NSE,06/06/2025,BAJAJFINSV,THE INCUBATION FUND LIMITED,BUY,23,1925.2
NSE,06/06/2025,BAJAJFINSV,VANGUARD EMERGING MARKETS SELECT STOCK FUND,BUY,4844,1925.2
NSE,06/06/2025,BAJAJFINSV,VIRIDIAN ASIA OPPORTUNITIES MASTER FUND,BUY,445575,1925.2
NSE,06/06/2025,BAJAJFINSV,WELLINGTON MANAGEMENT FUNDS (LUXEMBOURG) III SICAV - WELLINGTON EMERGING MAR RESEACH EQ CORE FD,BUY,921,1925.2
NSE,06/06/2025,BAJAJFINSV,WMF (LUXEMBOURG)- WELLINGTON EMERGING MARKETS RESEARCH EQUITY FUND,BUY,11575,1925.2
NSE,06/06/2025,BAJAJFINSV,WMF LUXEMBOURG II SICAV WELLINGTON GLOBAL MULTI ASSET TARGET RETURN FUND,BUY,552,1925.2
NSE,06/06/2025,BAJAJFINSV,WTCNAM CIF TRUST II EMERGING MARKETS RESEARCH EQUITY PORTFOLIO,BUY,6630,1925.2
NSE,06/06/2025,BAJAJFINSV,WTCNAM COMMON TRUST FUNDS TRUST EMERGING MARKETS RESEARCH EQUITY PORTFOLIO,BUY,13724,1925.2
NSE,06/06/2025,BAJAJFINSV,ZURICH INVEST INSTITUTIONAL FUNDS - ZIF AKTIEN EMERGING MARKETS,BUY,5367,1925.2
NSE,06/06/2025,ZFCVINDIA,ADITYA BIRLA SUNLIFE MUTUAL FUND,BUY,123109,13191
NSE,06/06/2025,ZFCVINDIA,BANDHAN MUTUAL FUND,BUY,10999,13191
NSE,06/06/2025,ZFCVINDIA,CITIGROUP GLOBAL MARKETS MAURITIUS PVT LTD,BUY,37041,13191
NSE,06/06/2025,ZFCVINDIA,EDELWEISS MUTUAL FUND,BUY,10997,13191
NSE,06/06/2025,ZFCVINDIA,FRANKLIN TEMPLETON MUTUAL FUND,BUY,140217,13191
NSE,06/06/2025,ZFCVINDIA,GHISALLO MASTER FUND LP,BUY,7631,13191
NSE,06/06/2025,ZFCVINDIA,GOLDMAN SACHS (SINGAPORE) PTE,BUY,13000,13191
NSE,06/06/2025,ZFCVINDIA,HDFC STANDARD LIFE INSURANCE COMPANY LIMITED,BUY,18977,13191
NSE,06/06/2025,ZFCVINDIA,ICICI PRUDENTIAL MUTUAL FUND,BUY,15097,13191
NSE,06/06/2025,ZFCVINDIA,INVESCO MUTUAL FUND,BUY,30013,13191
NSE,06/06/2025,ZFCVINDIA,KOTAK MAHINDRA MUTUAL FUND,BUY,7635,13191
NSE,06/06/2025,ZFCVINDIA,NIPPON INDIA MUTUAL FUND,BUY,18977,13191
NSE,06/06/2025,ZFCVINDIA,SOCIETE GENERALE,BUY,35694,13191
NSE,06/06/2025,ZFCVINDIA,SUNDARAM MUTUAL FUND,BUY,123113,13191
NSE,06/06/2025,ZFCVINDIA,UTI MUTUAL FUND,BUY,7633,13191
NSE,06/06/2025,ZFCVINDIA,WABCO ASIA PRIVATE LIMITED,SELL,600133,13191
NSE,09/06/2025,SUZLON,ADITYA BIRLA SUN LIFE MUTUAL FUND,BUY,30280090,66.05
NSE,09/06/2025,SUZLON,ASK ABSOLUTE RETURN FUND,BUY,1514072,66.05
NSE,09/06/2025,SUZLON,BAJAJ ALLIANZ LIFE INSURANCE COMPANY LIMITED,BUY,3028009,66.05
NSE,09/06/2025,SUZLON,BANDHAN MUTUAL FUND,BUY,4844814,66.05
NSE,09/06/2025,SUZLON,EDELWEISS LIFE INSURANCE COMPANY LIMITED,BUY,1514010,66.05
NSE,09/06/2025,SUZLON,EDELWEISS MUTUAL FUND,BUY,5906879,66.05
NSE,09/06/2025,SUZLON,FUTURE GENERALI INDIA LIFE INSURANCE COMPANY LIMITED,BUY,1514011,66.05
NSE,09/06/2025,SUZLON,GOLDMAN SACHS (SINGAPORE) PTE,BUY,1514025,66.05
NSE,09/06/2025,SUZLON,GOLDMAN SACHS FUNDS-GOLDMAN SACHS ASIA EQUITY PORTFOLIO,BUY,58289175,66.05
NSE,09/06/2025,SUZLON,ICICI PRUDENTIAL LIFE INSURANCE COMPANY LIMITED,BUY,16956850,66.05
NSE,09/06/2025,SUZLON,INVESCO MUTUAL FUND,BUY,4844814,66.05
NSE,09/06/2025,SUZLON,JAIDEEP SAMPAT,BUY,1514012,66.05
NSE,09/06/2025,SUZLON,KIFS FINSTOCK LIMITED,BUY,3028018,66.05
NSE,09/06/2025,SUZLON,MORGAN STANLEY ASIA SINGAPORE PTE,BUY,3028031,66.05
NSE,09/06/2025,SUZLON,MOTILAL OSWAL MUTUAL FUND,BUY,45420099,66.05
NSE,09/06/2025,SUZLON,RAMBHABEN UKABHAI TANTI,SELL,27500000,66.05
NSE,09/06/2025,SUZLON,SOCIETE GENERALE,BUY,7397043,66.05
NSE,09/06/2025,SUZLON,SUNDARAM MUTUAL FUND,BUY,7570022,66.05
NSE,09/06/2025,SUZLON,TANTI HOLDINGS PRIVATE LIMITED,SELL,66976144,66.05
NSE,09/06/2025,SUZLON,TANTI RANCHHODBHAI RAMJIB HAI,SELL,50870688,66.05
NSE,09/06/2025,SUZLON,VINOD RANCHHODBHAI TANTI,SELL,52817142,66.05
NSE,09/06/2025,WIPRO,AZIM PREMJI TRUST,SELL,202300000,250
NSE,09/06/2025,WIPRO,HASHAM TRADERS,BUY,119000000,250
NSE,09/06/2025,WIPRO,PRAZIM TRADERS,BUY,59500000,250
NSE,09/06/2025,WIPRO,PRAZIM TRADING AND INVESTMENT COMPANY PRIVATE LIMITED,BUY,23800000,250
NSE,10/06/2025,BAJFINANCE,NEW HORIZON OPPORTUNITIES MASTER FUND,BUY,175000,9703
NSE,10/06/2025,BAJFINANCE,NEW HORIZON OPPORTUNITIES MASTER FUND,SELL,175000,9703
NSE,10/06/2025,PREMIERENE,360 ONE ASSET MANAGEMENT LIMITED,BUY,474697,1051.6
NSE,10/06/2025,PREMIERENE,AGEAS FEDERAL LIFE INSURANCE COMPANY LIMITED,BUY,169000,1051.6
NSE,10/06/2025,PREMIERENE,AL MEHWAR COMMERCIAL INVESTMENTS L.L.C.,BUY,282513,1051.6
NSE,10/06/2025,PREMIERENE,AXIS MUTUAL FUND,BUY,1093675,1051.6
NSE,10/06/2025,PREMIERENE,BANDHAN MUTUAL FUND,BUY,190000,1051.6
NSE,10/06/2025,PREMIERENE,BLACKSTONE AQUA MASTER SUB-FUND,BUY,407180,1051.6
NSE,10/06/2025,PREMIERENE,CITIGROUP GLOBAL MARKETS MAURITIUS PRIVATE LIMITED,BUY,570052,1051.6
NSE,10/06/2025,PREMIERENE,CITIGROUP GLOBAL MARKETS MAURITIUS PRIVATE LIMITED,BUY,651488,1051.6
NSE,10/06/2025,PREMIERENE,EDELWEISS MUTUAL FUND,BUY,1426533,1051.6
NSE,10/06/2025,PREMIERENE,GHISALLO MASTER FUND LP,BUY,651488,1051.6
NSE,10/06/2025,PREMIERENE,GOLDMAN SACHS (SINGAPORE) PTE,BUY,162872,1051.6
NSE,10/06/2025,PREMIERENE,GOLDMAN SACHS INVESTMENTS MAURITIUS I LIMITED,BUY,407180,1051.6
NSE,10/06/2025,PREMIERENE,HDFC LIFE INSURANCE COMPANY LIMITED,BUY,200000,1051.6
NSE,10/06/2025,PREMIERENE,ICICI PRUDENTIAL MUTUAL FUND,BUY,475511,1051.6
NSE,10/06/2025,PREMIERENE,KOTAK MAHINDRA LIFE INSURANCE COMPANY LIMITED,BUY,948303,1051.6
NSE,10/06/2025,PREMIERENE,MORGAN STANLEY ASIA SINGAPORE PTE,BUY,1677563,1051.6
NSE,10/06/2025,PREMIERENE,MORGAN STANLEY ASIA SINGAPORE PTE,BUY,162872,1051.6
NSE,10/06/2025,PREMIERENE,MOTILAL OSWAL MUTUAL FUND,BUY,237755,1051.6
NSE,10/06/2025,PREMIERENE,NOMURA SINGAPORE LIMITED,BUY,244308,1051.6
NSE,10/06/2025,PREMIERENE,PI OPPORTUNITIES AIF V LLP,BUY,3328578,1051.6
NSE,10/06/2025,PREMIERENE,PUBLIC SECTOR PENSION INVESTMENT BOARD,BUY,412130,1051.6
NSE,10/06/2025,PREMIERENE,QUANT MUTUAL FUND,BUY,4755111,1051.6
NSE,10/06/2025,PREMIERENE,SBI LIFE INSURANCE COMPANY LIMITED,BUY,2377555,1051.6
NSE,10/06/2025,PREMIERENE,SOCIETE GENERALE,BUY,1791592,1051.6
NSE,10/06/2025,PREMIERENE,SOUTH ASIA GROWTH FUND II HOLDINGS LLC,SELL,25000000,1051.6
NSE,10/06/2025,PREMIERENE,THELEME INDIA MASTER FUND LIMITED,BUY,1902044,1051.6
NSE,11/06/2025,ABCAPITAL,EDELWEISS MUTUAL FUND,BUY,824232,242.65
NSE,11/06/2025,ABCAPITAL,GOLDMAN SACHS ETF TRUST  GOLDMAN SACHS INDIA EQUITY ETF,BUY,4393,242.65
NSE,11/06/2025,ABCAPITAL,GOLDMAN SACHS FUNDS  GOLDMAN SACHS INDIA EQUITY PORTFOLIO,BUY,3363220,242.65
NSE,11/06/2025,ABCAPITAL,GREATER INDIA PORTFOLIO,BUY,185981,242.65
NSE,11/06/2025,ABCAPITAL,GS INDIA EQUITY,BUY,120068,242.65
NSE,11/06/2025,ABCAPITAL,HSBC MUTUAL FUND,BUY,721203,242.65
NSE,11/06/2025,ABCAPITAL,JOMEI INVESTMENTS LIMITED,SELL,23400000,242.65
NSE,11/06/2025,ABCAPITAL,LIC MUTUAL FUND,BUY,103029,242.65
NSE,11/06/2025,ABCAPITAL,LIC MUTUAL FUND,BUY,206059,242.65
NSE,11/06/2025,ABCAPITAL,LIC MUTUAL FUND.,BUY,103029,242.65
NSE,11/06/2025,ABCAPITAL,MANULIFE GLOBAL FUND INDIA EQUITY FUND,BUY,418319,242.65
NSE,11/06/2025,ABCAPITAL,MEDIOLANUM BEST BRANDS MEDIOLANUM INDIA OPPORTUNITIES,BUY,266355,242.65
NSE,11/06/2025,ABCAPITAL,MOTILAL OSWAL MUTUAL FUND,BUY,1202800,242.65
NSE,11/06/2025,ABCAPITAL,MOTILAL OSWAL MUTUAL FUND,BUY,617200,242.65
NSE,11/06/2025,ABCAPITAL,MOTILAL OSWAL MUTUAL FUND,BUY,14664647,242.65
NSE,11/06/2025,ABCAPITAL,NEW YORK STATE TEACHERS RETIREMENT SYSTEM,BUY,181145,242.65
NSE,11/06/2025,ABCAPITAL,NORDEA 1 SICAV,BUY,418320,242.65
NSE,11/06/2025,BAJFINANCE,NEW HORIZON OPPORTUNITIES MASTER FUND,SELL,175000,9592
NSE,11/06/2025,BAJFINANCE,NEW HORIZON OPPORTUNITIES MASTER FUND,BUY,175000,9592
NSE,11/06/2025,ETERNAL,MARSHALL WACE INVESTMENT STRATEGIES - EUREKA FUND,SELL,6093607,255.68
NSE,11/06/2025,ETERNAL,SOCIETE GENERALE,BUY,6093607,255.68
NSE,11/06/2025,ICICIBANK,MARSHALL WACE INVESTMENT STRATEGIES - EUREKA FUND,SELL,120405,1422.9
NSE,11/06/2025,ICICIBANK,SOCIETE GENERALE,BUY,120405,1422.9
NSE,11/06/2025,LT,PI OPPORTUNITIES AIF V LLP,BUY,271666,3683
NSE,11/06/2025,LT,PIONEER INVESTMENT FUND,SELL,271666,3683
NSE,11/06/2025,M&M,MARSHALL WACE INVESTMENT STRATEGIES - EUREKA FUND,SELL,58663,3067.5
NSE,11/06/2025,M&M,PI OPPORTUNITIES AIF V LLP,BUY,322788,3085
NSE,11/06/2025,M&M,PIONEER INVESTMENT FUND,SELL,322788,3085
NSE,11/06/2025,M&M,SOCIETE GENERALE,BUY,58663,3067.5
NSE,11/06/2025,MARKSANS,BANDHAN MUTUAL FUND,BUY,600000,249.95
NSE,11/06/2025,MARKSANS,CITIGROUP GLOBAL MARKETS SINGAPORE PTE LIMITED,BUY,400081,249.95
NSE,11/06/2025,MARKSANS,ORBIMED ASIA IV MAURITIUS FVCI LIMITED,SELL,10273443,249.95
NSE,11/06/2025,MARKSANS,SOCIETE GENERALE,BUY,920184,249.95
NSE,11/06/2025,MARKSANS,SUBHKAM VENTURES I PRIVATE LIMITED,BUY,537485,249.95
NSE,11/06/2025,MARKSANS,UNIFI BCAD FUND,BUY,560000,249.95
NSE,11/06/2025,MARKSANS,UNIFI BLEND FUND 2,BUY,3000000,249.95
NSE,11/06/2025,MARKSANS,UNIFI CAPITAL PRIVATE LIMITED,BUY,594000,249.95
NSE,11/06/2025,MARKSANS,UNIFI CAPITAL PRIVATE LIMITED -BLENDED RANGOLI,BUY,3247600,249.95
NSE,11/06/2025,MARKSANS,UTI MUTUAL FUND,BUY,414093,249.95
NSE,11/06/2025,SCHAEFFLER,MARSHALL WACE INVESTMENT STRATEGIES - EUREKA FUND,SELL,80807,4199.4
NSE,11/06/2025,SCHAEFFLER,SOCIETE GENERALE,BUY,80807,4199.4
NSE,11/06/2025,UNOMINDA,MARSHALL WACE INVESTMENT STRATEGIES - EUREKA FUND,SELL,990228,1096.6
NSE,11/06/2025,UNOMINDA,SOCIETE GENERALE,BUY,990228,1096.6
NSE,11/06/2025,WIPRO,AZIM PREMJI TRUST,SELL,180500000,258.99
NSE,11/06/2025,WIPRO,PRAZIM TRADERS,BUY,59500000,258.99
NSE,11/06/2025,WIPRO,ZASH TRADERS,BUY,121000000,258.99
NSE,12/06/2025,ASIANPAINT,SBI MUTUAL FUND,BUY,35000000,2201
NSE,12/06/2025,ASIANPAINT,SIDDHANT COMMERCIALS PRIVATE LIMITED,SELL,35000000,2201
NSE,12/06/2025,BAJFINANCE,NEW HORIZON OPPORTUNITIES MASTER FUND,BUY,175000,9519
NSE,12/06/2025,BAJFINANCE,NEW HORIZON OPPORTUNITIES MASTER FUND,SELL,175000,9519
NSE,12/06/2025,ETERNAL,MARSHALL WACE INVESTMENT STRATEGIES - EUREKA FUND,SELL,6093605,257.07
NSE,12/06/2025,ETERNAL,SOCIETE GENERALE,BUY,6093605,257.07
NSE,12/06/2025,SCHAEFFLER,MARSHALL WACE INVESTMENT STRATEGIES - EUREKA FUND,SELL,79559,4188.4
NSE,12/06/2025,SCHAEFFLER,SOCIETE GENERALE,BUY,79559,4188.4
NSE,13/06/2025,BAJFINANCE,NEW HORIZON OPPORTUNITIES MASTER FUND,BUY,148000,9419.5
NSE,13/06/2025,BAJFINANCE,NEW HORIZON OPPORTUNITIES MASTER FUND,SELL,148000,9419.5
NSE,13/06/2025,JUBLFOOD,AIMCO AS A TRUSTEE OF THE GOVERNMENT OF THE PROVINCE OF ALBERTA,BUY,6858,662
NSE,13/06/2025,JUBLFOOD,BAJAJ ALLIANZ LIFE INSURANCE COMPANY LIMITED,BUY,500000,662
NSE,13/06/2025,JUBLFOOD,BANDHAN MUTUAL FUND,BUY,180000,662
NSE,13/06/2025,JUBLFOOD,BNP PARIBAS FINANCIAL MARKETS,BUY,400000,662
NSE,13/06/2025,JUBLFOOD,CANARA HSBC LIFE INSURANCE COMPANY LIMITED,BUY,280000,662
NSE,13/06/2025,JUBLFOOD,GHISALLO MASTER FUND LP,BUY,400000,662
NSE,13/06/2025,JUBLFOOD,GRANDEUR PEAK GLOBAL TRUST GRANDEUR PEAK GLOBAL STALWARTS FUND,BUY,8081,662
NSE,13/06/2025,JUBLFOOD,GRANDEUR PEAK GLOBAL TRUST GRANDEUR PEAK INTERNATIONAL STALWARTS FUND,BUY,138741,662
NSE,13/06/2025,JUBLFOOD,GRANDEUR PEAK INTERNATIONAL STALWARTS L.P.,BUY,15430,662
NSE,13/06/2025,JUBLFOOD,HSBC MUTUAL FUND,BUY,1000000,662
NSE,13/06/2025,JUBLFOOD,ICICI PRUDENTIAL LIFE INSURANCE COMPANY LIMITED,BUY,1900000,662
NSE,13/06/2025,JUBLFOOD,INVESCO MUTUAL FUND,BUY,280000,662
NSE,13/06/2025,JUBLFOOD,JUBILANT CONSUMER PRIVATE LIMITED,SELL,10600000,662
NSE,13/06/2025,JUBLFOOD,KOTAK FUNDS - INDIA MIDCAP FUND,BUY,1150000,662
NSE,16/06/2025,ASIANPAINT,ICICI PRUDENTIAL MUTUAL FUND,BUY,8500000,2207
NSE,16/06/2025,ASIANPAINT,SIDDHANT COMMERCIALS PRIVATE LIMITED,SELL,8500000,2207
NSE,16/06/2025,SOLARA,PRONOMZ VENTURES LLP,BUY,2000000,495
NSE,16/06/2025,SOLARA,SPIRACCA VENTURES LLP,SELL,2000000,495
NSE,17/06/2025,TVSSCS,AUTHUM INVESTMENT & INFRASTRUCTURE LIMITED,SELL,3950000,144
NSE,17/06/2025,TVSSCS,TVS MOTOR COMPANY LIMITED,BUY,3950000,144
NSE,17/06/2025,ZYDUSWELL,PPFAS MUTUAL FUND,BUY,4627111,1900
NSE,17/06/2025,ZYDUSWELL,THREPSI CARE LLP,SELL,4627111,1900
NSE,18/06/2025,BAJAJ-AUTO,BACHHRAJ & CO PRIVATE LIMITED,BUY,12000,8530
NSE,18/06/2025,BAJAJ-AUTO,SIDDHANT FAMILY TRUST,SELL,12000,8530
BSE,23/06/2025,KERALAYUR,TRISHAKTI POWER HOLDINGS PRIVATE LIMITED,Buy,"237,500",423
BSE,23/06/2025,KERALAYUR,NIMISH CHANDULAL SHAH,Buy,"240,000",423
BSE,23/06/2025,KERALAYUR,AAMARA CAPITAL PRIVATE LIMITED,Buy,"239,000",423
BSE,23/06/2025,KERALAYUR,BHARAT JAYAKRISHNA TAPARIA,Buy,"238,000",423
BSE,23/06/2025,KERALAYUR,SETU SECURITIES PVT LTD,Buy,"238,500",423
BSE,23/06/2025,KERALAYUR,SANTOSH INDUSTRIES LIMITED,Buy,"240,500",423
BSE,23/06/2025,KERALAYUR,RIDDISIDDHI BULLIONS LIMITED,Buy,"239,500",423
BSE,23/06/2025,KERALAYUR,BHATIA SURESH,Buy,"290,000",423
BSE,23/06/2025,KERALAYUR,VIRENDRA PRAKASH RANKA,Buy,"237,000",423
BSE,23/06/2025,KERALAYUR,KATRA HOLDINGS LIMITED,Sell,"237,000",423
BSE,23/06/2025,KERALAYUR,KATRA HOLDINGS LIMITED,Sell,"237,500",423
BSE,23/06/2025,KERALAYUR,KATRA HOLDINGS LIMITED,Sell,"238,000",423
BSE,23/06/2025,KERALAYUR,KATRA HOLDINGS LIMITED,Sell,"238,500",423
BSE,23/06/2025,KERALAYUR,KATRA HOLDINGS LIMITED,Sell,"239,000",423
BSE,23/06/2025,KERALAYUR,KATRA HOLDINGS LIMITED,Sell,"239,500",423
BSE,23/06/2025,KERALAYUR,KATRA HOLDINGS LIMITED,Sell,"240,000",423
BSE,23/06/2025,KERALAYUR,KATRA HOLDINGS LIMITED,Sell,"240,500",423
BSE,23/06/2025,KERALAYUR,KATRA HOLDINGS LIMITED,Sell,"290,000",423
NSE,24/06/2025,AVALON,ALCHEMY EMERGING LEADERS OF TOMORROW,BUY,494400,809
NSE,24/06/2025,AVALON,ALCHEMY INDIA LONG TERM FUND,BUY,185400,809
NSE,24/06/2025,AVALON,ALCHEMY LEADERS OF TOMORROW,BUY,309000,809
NSE,24/06/2025,AVALON,BHASKAR SRINIVASAN,SELL,1198800,809
NSE,24/06/2025,AVALON,ITI MUTUAL FUND,BUY,148200,809
NSE,24/06/2025,AVALON,ITI MUTUAL FUND,BUY,61800,809
NSE,24/06/2025,QUICKHEAL,ANUPAMA KAILASH KATKAR,SELL,3319498,362
NSE,24/06/2025,QUICKHEAL,SNEHA KAILASH KATKAR,BUY,3319498,362
NSE,26/06/2025,DELHIVERY,ASK ABSOLUTE RETURN FUND,BUY,773195,387
NSE,26/06/2025,DELHIVERY,AXIS MUTUAL FUND,BUY,775193,387
NSE,26/06/2025,DELHIVERY,CITIGROUP GLOBAL MARKETS SINGAPORE PTE LIMITED,BUY,333682,387
NSE,26/06/2025,DELHIVERY,HDFC MUTUAL FUND,BUY,1097464,387
NSE,26/06/2025,DELHIVERY,HILL FORT INDIA FUND LP,BUY,1330000,387
NSE,26/06/2025,DELHIVERY,MORGAN STANLEY ASIA SINGAPORE PTE,BUY,1886852,387
NSE,26/06/2025,DELHIVERY,MORGAN STANLEY ASIA SINGAPORE PTE,BUY,2885814,387
NSE,26/06/2025,DELHIVERY,NEXUS OPPORTUNITY FUND LTD,SELL,1700129,387
NSE,26/06/2025,DELHIVERY,NEXUS VENTURES III LIMITED,SELL,10212071,387
NSE,26/06/2025,DELHIVERY,TATA EQUITY PLUS ABSOLUTE RETURNS FUND,BUY,300000,387
NSE,26/06/2025,DELHIVERY,TATA MUTUAL FUND,BUY,1645000,387
NSE,26/06/2025,DELHIVERY,VIRIDIAN ASIA OPPORTUNITIES MASTER FUND,BUY,885000,387
NSE,26/06/2025,POLICYBZR,ALOK  BANSAL,SELL,1650000,1821.5
NSE,26/06/2025,POLICYBZR,CITIGROUP GLOBAL MARKETS MAURITIUS PRIVATE LIMITED,BUY,56699,1821.5
NSE,26/06/2025,POLICYBZR,EDELWEISS LIFE INSURANCE COMPANY LIMITED,BUY,54903,1821.5
NSE,26/06/2025,POLICYBZR,GHISALLO MASTER FUND LP,BUY,755992,1821.5
NSE,26/06/2025,POLICYBZR,GOLDMAN SACHS (SINGAPORE) PTE,BUY,56699,1821.5
NSE,26/06/2025,POLICYBZR,GOLDMAN SACHS INVESTMENTS MAURITIUS I LIMITED,BUY,70874,1821.5
NSE,26/06/2025,POLICYBZR,HDFC LIFE INSURANCE COMPANY LIMITED,BUY,713697,1821.5
NSE,26/06/2025,POLICYBZR,ICICI PRUDENTIAL LIFE INSURANCE COMPANY LIMITED,BUY,755000,1821.5
NSE,26/06/2025,POLICYBZR,MORGAN STANLEY ASIA SINGAPORE PTE,BUY,94499,1821.5
NSE,26/06/2025,POLICYBZR,MORGAN STANLEY ASIA SINGAPORE PTE,BUY,481307,1821.5
NSE,26/06/2025,POLICYBZR,SOCIETE GENERALE,BUY,524467,1821.5
NSE,26/06/2025,POLICYBZR,SUBHKAM VENTURES I PVT LTD,BUY,200000,1821.5
NSE,26/06/2025,POLICYBZR,TARA EMERGING ASIA LIQUID FUND,BUY,70874,1821.5
NSE,26/06/2025,POLICYBZR,TATA MUTUAL FUND,BUY,411748,1821.5
NSE,26/06/2025,POLICYBZR,VIRIDIAN ASIA OPPORTUNITIES MASTER FUND,BUY,94499,1821.5
NSE,26/06/2025,POLICYBZR,WF ASIAN RECONNAISSANCE FUND LTD,BUY,190739,1821.5
NSE,26/06/2025,POLICYBZR,WF ASIAN SMALLER COMPANIES FUND LTD,BUY,518003,1821.5
NSE,26/06/2025,POLICYBZR,YASHISH DAHIYA,SELL,900000,1821.5
NSE,26/06/2025,POLICYBZR,YASHISH DAHIYA,SELL,2500000,1821.5
NSE,27/06/2025,PFOCUS,A2R HOLDINGS,BUY,15115057,113
NSE,27/06/2025,PFOCUS,NARESH MAHENDRANATH MALHOTRA,SELL,15115057,113
BSE,30/06/2025,POLICYBZR,BNP PARIBAS FINANCIAL MARKETS,Buy,"99,994","1,819"
BSE,30/06/2025,POLICYBZR,MORGAN STANLEY ASIA (SINGAPORE) PTE.,Sell,"99,994","1,819"
BSE,01/07/2025,APOLLOHOSP,GOLDMAN SACHS (SINGAPORE) PTE.- ODI,Buy,"27,181","7,470"
BSE,01/07/2025,APOLLOHOSP,GOLDMAN SACHS (SINGAPORE) PTE.- ODI,Sell,"27,181","7,470"
BSE,01/07/2025,BHARTIARTL,GOLDMAN SACHS (SINGAPORE) PTE.- ODI,Buy,"103,409","2,009.6"
BSE,01/07/2025,BHARTIARTL,KADENSA MASTER FUND,Sell,"103,409","2,009.6"
BSE,01/07/2025,HAL,GOLDMAN SACHS (SINGAPORE) PTE.- ODI,Buy,"104,972","4,869.8"
BSE,01/07/2025,HAL,GOLDMAN SACHS (SINGAPORE) PTE.- ODI,Buy,"201,625","4,917"
BSE,01/07/2025,HAL,GOLDMAN SACHS (SINGAPORE) PTE.- ODI,Sell,"201,625","4,917"
BSE,01/07/2025,HAL,KADENSA MASTER FUND,Sell,"104,972","4,869.8"
BSE,01/07/2025,HDFCBANK,GOLDMAN SACHS (SINGAPORE) PTE.- ODI,Buy,"76,851","2,001.5"
BSE,01/07/2025,HDFCBANK,KADENSA MASTER FUND,Sell,"76,851","2,001.5"
BSE,01/07/2025,ICICIBANK,GOLDMAN SACHS (SINGAPORE) PTE.- ODI,Buy,"126,776","1,445.8"
BSE,01/07/2025,ICICIBANK,KADENSA MASTER FUND,Sell,"126,776","1,445.8"
BSE,01/07/2025,KAYNES,GOLDMAN SACHS (SINGAPORE) PTE.- ODI,Buy,"67,690","6,095"
BSE,01/07/2025,KAYNES,KADENSA MASTER FUND,Sell,"67,690","6,095"
BSE,01/07/2025,RELIANCE,GOLDMAN SACHS (SINGAPORE) PTE.- ODI,Buy,"748,971","1,500.6"
BSE,01/07/2025,RELIANCE,KADENSA MASTER FUND,Sell,"748,971","1,500.6"
BSE,01/07/2025,VBL,GOLDMAN SACHS (SINGAPORE) PTE.- ODI,Buy,"1,525,558",457.55
BSE,01/07/2025,VBL,KADENSA MASTER FUND,Sell,"1,525,558",457.55
BSE,01/07/2025,VOLTAS,GOLDMAN SACHS (SINGAPORE) PTE.- ODI,Buy,"388,167","1,314.1"
BSE,01/07/2025,VOLTAS,KADENSA MASTER FUND,Sell,"388,167","1,314.1"
BSE,03/07/2025,MAHABANK,BNP PARIBAS FINANCIAL MARKETS,Buy,"2,475,399",56.66
BSE,03/07/2025,MAHABANK,CITIGROUP GLOBAL MARKETS MAURITIUS PRIVATE LIMITED,Sell,"2,475,399",56.66
BSE,03/07/2025,SWIGGY,BNP PARIBAS FINANCIAL MARKETS,Buy,"320,421",381
BSE,03/07/2025,SWIGGY,CITIGROUP GLOBAL MARKETS MAURITIUS PRIVATE LIMITED,Sell,"320,421",381
NSE,03/07/2025,MANGLMCEM,PILANI INVESTMENT AND INDUSTRIES CORPORATION LIMITED,SELL,500000,758
NSE,03/07/2025,MANGLMCEM,RAMBARA TRADING PRIVATE LIMITED,BUY,250000,758
NSE,03/07/2025,MANGLMCEM,VIDULA CONSULTANCY SERVICES LIMITED,BUY,250000,758
NSE,07/07/2025,INFIBEAM,MAYUR MUKUNDBHAI DESAI,BUY,10000000,15.2
NSE,07/07/2025,INFIBEAM,SONAL DESAI,SELL,10000000,15.2
NSE,11/07/2025,AGARWALEYE,BOFA SECURITIES EUROPE SA,BUY,274031,436
NSE,11/07/2025,AGARWALEYE,MORGAN STANLEY ASIA SINGAPORE PTE,SELL,274031,436
BSE,14/07/2025,APOLLOHOSP,STATE STREET MSCI ACWI EX USA IMI SCREENED NON-LENDING COMMON TRUST FUND,Buy,"18,753","7,189.5"
BSE,14/07/2025,APOLLOHOSP,STATE STREET MSCI ACWI EX USA IMI SCREENED NON-LENDING COMMON TRUST FUND,Sell,"18,753","7,189.5"
BSE,14/07/2025,ARIHANT,ASHIKA GLOBAL FINANCE PRIVATE LIMITED .,Buy,"100,008","1,314"
BSE,14/07/2025,ARIHANT,TAJ FOUNDATIONS PRIVATE LIMITED,Sell,"100,008","1,314"
BSE,14/07/2025,BAJAJHLDNG,STATE STREET MSCI ACWI EX USA IMI SCREENED NON-LENDING COMMON TRUST FUND,Buy,"7,622","13,752"
BSE,14/07/2025,BAJAJHLDNG,STATE STREET MSCI ACWI EX USA IMI SCREENED NON-LENDING COMMON TRUST FUND,Sell,"7,622","13,752"
BSE,14/07/2025,BPCL,STATE STREET MSCI ACWI EX USA IMI SCREENED NON-LENDING COMMON TRUST FUND,Buy,"557,270",344.85
BSE,14/07/2025,BPCL,STATE STREET MSCI ACWI EX USA IMI SCREENED NON-LENDING COMMON TRUST FUND,Sell,"557,270",344.85
BSE,14/07/2025,COROMANDEL,THE MTBJ LTD AS TRST FOR GOVERNMENT PENSION INVESTMENT FUND MTBJ400045849,Buy,"44,007","2,324.8"
BSE,14/07/2025,COROMANDEL,THE MTBJ LTD AS TRST FOR GOVRNMNT PENSION INVSTMNT FUND MTBJ400045828,Sell,"44,007","2,324.8"
BSE,14/07/2025,DMART,STATE STREET MSCI ACWI EX USA IMI SCREENED NON-LENDING COMMON TRUST FUND,Buy,"53,059","4,064.2"
BSE,14/07/2025,DMART,STATE STREET MSCI ACWI EX USA IMI SCREENED NON-LENDING COMMON TRUST FUND,Sell,"53,059","4,064.2"
BSE,14/07/2025,GAIL,STATE STREET MSCI ACWI EX USA IMI SCREENED NON-LENDING COMMON TRUST FUND,Buy,"859,290",181.9
BSE,14/07/2025,GAIL,STATE STREET MSCI ACWI EX USA IMI SCREENED NON-LENDING COMMON TRUST FUND,Sell,"859,290",181.9
BSE,14/07/2025,GODREJCP,THE MTBJ LTD AS TRST FOR GOVERNMENT PENSION INVESTMENT FUND MTBJ400045849,Buy,"122,332","1,285"
BSE,14/07/2025,GODREJCP,THE MTBJ LTD AS TRST FOR GOVRNMNT PENSION INVSTMNT FUND MTBJ400045828,Sell,"122,332","1,285"
BSE,14/07/2025,HAL,THE MTBJ LTD AS TRST FOR GOVERNMENT PENSION INVESTMENT FUND MTBJ400045849,Buy,"67,200","4,866.1"
BSE,14/07/2025,HAL,THE MTBJ LTD AS TRST FOR GOVRNMNT PENSION INVSTMNT FUND MTBJ400045828,Sell,"67,200","4,866.1"
BSE,14/07/2025,HINDPETRO,STATE STREET MSCI ACWI EX USA IMI SCREENED NON-LENDING COMMON TRUST FUND,Buy,"357,534",435.9
BSE,14/07/2025,HINDPETRO,STATE STREET MSCI ACWI EX USA IMI SCREENED NON-LENDING COMMON TRUST FUND,Sell,"357,534",435.9
BSE,14/07/2025,HINDUNILVR,STATE STREET MSCI ACWI EX USA IMI SCREENED NON-LENDING COMMON TRUST FUND,Buy,"244,869","2,519.6"
BSE,14/07/2025,HINDUNILVR,STATE STREET MSCI ACWI EX USA IMI SCREENED NON-LENDING COMMON TRUST FUND,Sell,"244,869","2,519.6"
BSE,14/07/2025,ICICIBANK,THE MTBJ LTD AS TRST FOR GOVERNMENT PENSION INVESTMENT FUND MTBJ400045849,Buy,"1,807,350","1,421.9"
BSE,14/07/2025,ICICIBANK,THE MTBJ LTD AS TRST FOR GOVRNMNT PENSION INVSTMNT FUND MTBJ400045828,Sell,"1,807,350","1,421.9"
BSE,14/07/2025,INFY,STATE STREET MSCI ACWI EX USA IMI SCREENED NON-LENDING COMMON TRUST FUND,Buy,"1,177,398","1,594.9"
BSE,14/07/2025,INFY,STATE STREET MSCI ACWI EX USA IMI SCREENED NON-LENDING COMMON TRUST FUND,Sell,"1,177,398","1,594.9"
BSE,14/07/2025,IOC,STATE STREET MSCI ACWI EX USA IMI SCREENED NON-LENDING COMMON TRUST FUND,Buy,"1,054,562",150.65
BSE,14/07/2025,IOC,STATE STREET MSCI ACWI EX USA IMI SCREENED NON-LENDING COMMON TRUST FUND,Sell,"1,054,562",150.65
BSE,14/07/2025,ITC,THE MTBJ LTD AS TRST FOR GOVERNMENT PENSION INVESTMENT FUND MTBJ400045849,Buy,"672,851",416.8
BSE,14/07/2025,ITC,THE MTBJ LTD AS TRST FOR GOVRNMNT PENSION INVSTMNT FUND MTBJ400045828,Sell,"672,851",416.8
BSE,14/07/2025,KOTAKBANK,STATE STREET MSCI ACWI EX USA IMI SCREENED NON-LENDING COMMON TRUST FUND,Buy,"218,511","2,220.6"
BSE,14/07/2025,KOTAKBANK,STATE STREET MSCI ACWI EX USA IMI SCREENED NON-LENDING COMMON TRUST FUND,Sell,"218,511","2,220.6"
BSE,14/07/2025,LUPIN,STATE STREET MSCI ACWI EX USA IMI SCREENED NON-LENDING COMMON TRUST FUND,Buy,"52,861","1,894.7"
BSE,14/07/2025,LUPIN,STATE STREET MSCI ACWI EX USA IMI SCREENED NON-LENDING COMMON TRUST FUND,Sell,"52,861","1,894.7"
BSE,14/07/2025,M&M,STATE STREET MSCI ACWI EX USA IMI SCREENED NON-LENDING COMMON TRUST FUND,Buy,"250,366","3,073.2"
BSE,14/07/2025,M&M,STATE STREET MSCI ACWI EX USA IMI SCREENED NON-LENDING COMMON TRUST FUND,Sell,"250,366","3,073.2"
BSE,14/07/2025,ONGC,STATE STREET MSCI ACWI EX USA IMI SCREENED NON-LENDING COMMON TRUST FUND,Buy,"1,157,075",241.75
BSE,14/07/2025,ONGC,STATE STREET MSCI ACWI EX USA IMI SCREENED NON-LENDING COMMON TRUST FUND,Sell,"1,157,075",241.75
BSE,14/07/2025,PFC,THE MTBJ LTD AS TRST FOR GOVERNMENT PENSION INVESTMENT FUND MTBJ400045849,Buy,"444,158",430.95
BSE,14/07/2025,PFC,THE MTBJ LTD AS TRST FOR GOVRNMNT PENSION INVSTMNT FUND MTBJ400045828,Sell,"444,158",430.95
BSE,14/07/2025,PHOENIXLTD,THE MTBJ LTD AS TRST FOR GOVERNMENT PENSION INVESTMENT FUND MTBJ400045849,Buy,"69,651","1,488.9"
BSE,14/07/2025,PHOENIXLTD,THE MTBJ LTD AS TRST FOR GOVRNMNT PENSION INVSTMNT FUND MTBJ400045828,Sell,"69,651","1,488.9"
BSE,14/07/2025,PIDILITIND,THE MTBJ LTD AS TRST FOR GOVERNMENT PENSION INVESTMENT FUND MTBJ400045849,Buy,"55,983","3,000.8"
BSE,14/07/2025,PIDILITIND,THE MTBJ LTD AS TRST FOR GOVRNMNT PENSION INVSTMNT FUND MTBJ400045828,Sell,"55,983","3,000.8"
BSE,14/07/2025,POWERGRID,THE MTBJ LTD AS TRST FOR GOVERNMENT PENSION INVESTMENT FUND MTBJ400045849,Buy,"1,713,440",298.55
BSE,14/07/2025,POWERGRID,THE MTBJ LTD AS TRST FOR GOVRNMNT PENSION INVSTMNT FUND MTBJ400045828,Sell,"1,713,440",298.55
BSE,14/07/2025,RELIANCE,STATE STREET MSCI ACWI EX USA IMI SCREENED NON-LENDING COMMON TRUST FUND,Buy,"1,366,957","1,495.2"
BSE,14/07/2025,RELIANCE,STATE STREET MSCI ACWI EX USA IMI SCREENED NON-LENDING COMMON TRUST FUND,Sell,"1,366,957","1,495.2"
BSE,14/07/2025,SBIN,THE MTBJ LTD AS TRST FOR GOVERNMENT PENSION INVESTMENT FUND MTBJ400045849,Buy,"301,790",808.65
BSE,14/07/2025,SBIN,THE MTBJ LTD AS TRST FOR GOVRNMNT PENSION INVSTMNT FUND MTBJ400045828,Sell,"301,790",808.65
BSE,14/07/2025,SHRIRAMFIN,THE MTBJ LTD AS TRST FOR GOVERNMENT PENSION INVESTMENT FUND MTBJ400045849,Buy,"319,711",668.25
BSE,14/07/2025,SHRIRAMFIN,THE MTBJ LTD AS TRST FOR GOVRNMNT PENSION INVSTMNT FUND MTBJ400045828,Sell,"319,711",668.25
BSE,14/07/2025,SUZLON,THE MTBJ LTD AS TRST FOR GOVERNMENT PENSION INVESTMENT FUND MTBJ400045849,Buy,"3,339,366",65.92
BSE,14/07/2025,SUZLON,THE MTBJ LTD AS TRST FOR GOVRNMNT PENSION INVSTMNT FUND MTBJ400045828,Sell,"3,339,366",65.92
BSE,14/07/2025,TATACONSUM,STATE STREET MSCI ACWI EX USA IMI SCREENED NON-LENDING COMMON TRUST FUND,Buy,"118,817","1,076.8"
BSE,14/07/2025,TATACONSUM,STATE STREET MSCI ACWI EX USA IMI SCREENED NON-LENDING COMMON TRUST FUND,Sell,"118,817","1,076.8"
BSE,14/07/2025,TITAN,STATE STREET MSCI ACWI EX USA IMI SCREENED NON-LENDING COMMON TRUST FUND,Buy,"130,824","3,361.6"
BSE,14/07/2025,TITAN,STATE STREET MSCI ACWI EX USA IMI SCREENED NON-LENDING COMMON TRUST FUND,Sell,"130,824","3,361.6"
BSE,14/07/2025,UNITDSPR,STATE STREET MSCI ACWI EX USA IMI SCREENED NON-LENDING COMMON TRUST FUND,Buy,"92,683","1,357.6"
BSE,14/07/2025,UNITDSPR,STATE STREET MSCI ACWI EX USA IMI SCREENED NON-LENDING COMMON TRUST FUND,Sell,"92,683","1,357.6"
BSE,14/07/2025,UPL,THE MTBJ LTD AS TRST FOR GOVERNMENT PENSION INVESTMENT FUND MTBJ400045849,Buy,"168,164",652.8
BSE,14/07/2025,UPL,THE MTBJ LTD AS TRST FOR GOVRNMNT PENSION INVSTMNT FUND MTBJ400045828,Sell,"168,164",652.8
BSE,14/07/2025,VOLTAS,THE MTBJ LTD AS TRST FOR GOVERNMENT PENSION INVESTMENT FUND MTBJ400045849,Buy,"86,456","1,369.5"
BSE,14/07/2025,VOLTAS,THE MTBJ LTD AS TRST FOR GOVRNMNT PENSION INVSTMNT FUND MTBJ400045828,Sell,"86,456","1,369.5"
BSE,14/07/2025,WIPRO,STATE STREET MSCI ACWI EX USA IMI SCREENED NON-LENDING COMMON TRUST FUND,Buy,"962,415",258.3
BSE,14/07/2025,WIPRO,STATE STREET MSCI ACWI EX USA IMI SCREENED NON-LENDING COMMON TRUST FUND,Sell,"962,415",258.3
NSE,14/07/2025,ADANIENT,THE MTBJ LTD. AS TRST FOR GOVRNMNT PENSION INVSTMNT FUND MTBJ400045828,SELL,60335,2558.7
NSE,14/07/2025,ADANIENT,THE MTBJ LTD.AS TRST FOR GOVERNMENT PENSION INVESTMENT FUND MTBJ400045849,BUY,60335,2558.7
NSE,14/07/2025,ADANIPORTS,THE MTBJ LTD. AS TRST FOR GOVERNMENT PENSION INVESTMENT FUND MTBJ400045849,BUY,198609,1431.7
NSE,14/07/2025,ADANIPORTS,THE MTBJ LTD. AS TRST FOR GOVRNMNT PENSION INVSTMNT FUND MTBJ400045828,SELL,198609,1431.7
NSE,14/07/2025,APLAPOLLO,THE MTBJ LTD. AS TRST FOR GOVERNMENT PENSION INVESTMENT FUND MTBJ400045849,BUY,67357,1701
NSE,14/07/2025,APLAPOLLO,THE MTBJ LTD. AS TRST FOR GOVRNMNT PENSION INVSTMNT FUND MTBJ400045828,SELL,67357,1701
NSE,14/07/2025,ASHOKLEY,THE MTBJ LTD. AS TRST FOR GOVRNMNT PENSION INVSTMNT FUND MTBJ400045828,SELL,460686,246.25
NSE,14/07/2025,ASHOKLEY,THE MTBJ LTD.AS TRST FOR GOVERNMENT PENSION INVESTMENT FUND MTBJ400045849,BUY,460686,246.25
NSE,14/07/2025,ASIANPAINT,THE MTBJ LTD. AS TRST FOR GOVERNMENT PENSION INVESTMENT FUND MTBJ400045849,BUY,141204,2439.2
NSE,14/07/2025,ASIANPAINT,THE MTBJ LTD. AS TRST FOR GOVRNMNT PENSION INVSTMNT FUND MTBJ400045828,SELL,141204,2439.2
NSE,14/07/2025,AXISBANK,THE MTBJ LTD. AS TRST FOR GOVERNMENT PENSION INVESTMENT FUND MTBJ400045849,BUY,394749,1173
NSE,14/07/2025,AXISBANK,THE MTBJ LTD. AS TRST FOR GOVRNMNT PENSION INVSTMNT FUND MTBJ400045828,SELL,394749,1173
NSE,14/07/2025,BAJAJ-AUTO,THE MTBJ LTD. AS TRST FOR GOVERNMENT PENSION INVESTMENT FUND MTBJ400045849,BUY,14762,8067
NSE,14/07/2025,BAJAJ-AUTO,THE MTBJ LTD. AS TRST FOR GOVRNMNT PENSION INVSTMNT FUND MTBJ400045828,SELL,14762,8067
NSE,14/07/2025,BAJAJFINSV,THE MTBJ LTD. AS TRST FOR GOVERNMENT PENSION INVESTMENT FUND MTBJ400045849,BUY,140954,2017
NSE,14/07/2025,BAJAJFINSV,THE MTBJ LTD. AS TRST FOR GOVRNMNT PENSION INVSTMNT FUND MTBJ400045828,SELL,140954,2017
NSE,14/07/2025,BAJFINANCE,THE MTBJ LTD. AS TRST FOR GOVRNMNT PENSION INVSTMNT FUND MTBJ400045828,SELL,685074,933.5
NSE,14/07/2025,BAJFINANCE,THE MTBJ LTD.AS TRST FOR GOVERNMENT PENSION INVESTMENT FUND MTBJ400045849,BUY,685074,933.5
NSE,14/07/2025,BEL,THE MTBJ LTD. AS TRST FOR GOVERNMENT PENSION INVESTMENT FUND MTBJ400045849,BUY,1346928,409.3
NSE,14/07/2025,BEL,THE MTBJ LTD. AS TRST FOR GOVRNMNT PENSION INVSTMNT FUND MTBJ400045828,SELL,1346928,409.3
NSE,14/07/2025,BHARTIARTL,THE MTBJ LTD. AS TRST FOR GOVRNMNT PENSION INVSTMNT FUND MTBJ400045828,SELL,529119,1921.9
NSE,14/07/2025,BHARTIARTL,THE MTBJ LTD.AS TRST FOR GOVERNMENT PENSION INVESTMENT FUND MTBJ400045849,BUY,529119,1921.9
NSE,14/07/2025,BRITANNIA,THE MTBJ LTD. AS TRST FOR GOVERNMENT PENSION INVESTMENT FUND MTBJ400045849,BUY,32422,5758
NSE,14/07/2025,BRITANNIA,THE MTBJ LTD. AS TRST FOR GOVRNMNT PENSION INVSTMNT FUND MTBJ400045828,SELL,32422,5758
NSE,14/07/2025,CHOLAFIN,THE MTBJ LTD. AS TRST FOR GOVERNMENT PENSION INVESTMENT FUND MTBJ400045849,BUY,95273,1532
NSE,14/07/2025,CHOLAFIN,THE MTBJ LTD. AS TRST FOR GOVRNMNT PENSION INVSTMNT FUND MTBJ400045828,SELL,95273,1532
NSE,14/07/2025,CIPLA,THE MTBJ LTD. AS TRST FOR GOVRNMNT PENSION INVSTMNT FUND MTBJ400045828,SELL,156532,1485
NSE,14/07/2025,CIPLA,THE MTBJ LTD.AS TRST FOR GOVERNMENT PENSION INVESTMENT FUND MTBJ400045849,BUY,156532,1485
NSE,14/07/2025,CUMMINSIND,THE MTBJ LTD. AS TRST FOR GOVRNMNT PENSION INVSTMNT FUND MTBJ400045828,SELL,44708,3546.4
NSE,14/07/2025,CUMMINSIND,THE MTBJ LTD.AS TRST FOR GOVERNMENT PENSION INVESTMENT FUND MTBJ400045849,BUY,44708,3546.4
BSE,18/07/2025,AWL,DURO INDIA OPPORTUNITIES FUND PTE. LTD.,Buy,"706,477",275.5
BSE,18/07/2025,AWL,IDFC MUTUAL FUND,Buy,"1,724,137",275.5
BSE,18/07/2025,AWL,IDFC MUTUAL FUND,Buy,"345,000",275.5
BSE,18/07/2025,AWL,IDFC MUTUAL FUND,Buy,"2,500,000",275.5
BSE,18/07/2025,AWL,IDFC MUTUAL FUND,Buy,"1,440,391",275.5
BSE,18/07/2025,AWL,IDFC MUTUAL FUND,Buy,"900,000",275.5
BSE,18/07/2025,AWL,BANDHAN MUTUAL FUND,Buy,"350,000",275.5
BSE,18/07/2025,AWL,JUPITER INDIA FUND,Buy,"2,768,705",275.5
BSE,18/07/2025,AWL,THE JUPITER GLOBAL FUND - JUPITER INDIA SELECT,Buy,"973,504",275.5
BSE,18/07/2025,AWL,MORGAN STANLEY ASIA SINGAPORE PTE,Buy,"623,701",275.5
BSE,18/07/2025,AWL,QUANT MUTUAL FUND,Buy,"1,851,180",275.5
BSE,18/07/2025,AWL,QUANT MUTUAL FUND,Buy,"1,287,253",275.5
BSE,18/07/2025,AWL,Quant Mutual Fund,Buy,"1,851,180",275.5
BSE,18/07/2025,AWL,SHAJAEATAN INVESTMENT FZCO,Buy,"110,707,803",275.5
BSE,18/07/2025,AWL,SUSQUEHANNA PACIFIC PTY LTD,Buy,"366,606",275.5
BSE,18/07/2025,AWL,FTIF - TEMPLETON ASIAN SMALLER COMPANIES FUND,Buy,"2,577,115",275.5
BSE,18/07/2025,AWL,FTIF - TEMPLETON EMERGING MARKETS SMALLER COMPANIES FUND,Buy,"589,073",275.5
BSE,18/07/2025,AWL,FUNDPARTNER SOLUTIONS (SUISSE) SA-MIGROS-PENSIONSKASSE FONDS-AKTIEN WELT,Buy,"323,529",275.5
BSE,18/07/2025,AWL,TEMPLETON GLOBAL INVESTMENT TRUST - TEMPLETON EMERGING MARKETS SMALL CAP FUND,Buy,"716,940",275.5
BSE,18/07/2025,AWL,VANGUARD ASIA EX JAPAN SHARES INDEX FUND,Buy,"1,015",275.5
BSE,18/07/2025,AWL,VANGUARD EMERGING MARKETS SHARES INDEX FUND,Buy,"26,121",275.5
BSE,18/07/2025,AWL,VANGUARD EMERGING MARKETS STOCK INDEX FUND A SERIES OF VIEIF,Buy,"313,142",275.5
BSE,18/07/2025,AWL,VANGUARD ESG INTERNATIONAL STOCK ETF,Buy,"4,262",275.5
BSE,18/07/2025,AWL,VANGUARD FTSE ALL WORLD EX US FUND A SERIES OF VIEIF,Buy,"48,601",275.5
BSE,18/07/2025,AWL,VANGUARD FUNDS PLC VANGUARD ESG EMERGING MARKETS ALL CAP UCITS ETF,Buy,241,275.5
BSE,18/07/2025,AWL,VANGUARD FUNDS PLC VANGUARD ESG GLOBAL ALL CAP UCITS ETF,Buy,803,275.5
BSE,18/07/2025,AWL,VANGUARD FUNDS PUBLIC LIMITED COMPANY - VANG FTSE EMERGING MKTS UCITS ETF,Buy,"10,486",275.5
BSE,18/07/2025,AWL,VANGUARD FUNDS PUBLIC LIMITED COMPANY VANGUARD FTSE ALL WORLD  ETF,Buy,"2,867",275.5
BSE,18/07/2025,AWL,VANGUARD INVESTMENTS FUNDS ICVC-VANGUARD FTSE GLOBAL ALL CAP INDEX FUND,Buy,631,275.5
BSE,18/07/2025,AWL,VANGUARD TOTAL INTERNATIONAL STOCK INDEX FUND,Buy,"335,091",275.5
BSE,18/07/2025,AWL,VANGUARD TOTAL WORLD STOCK INDEX FUND,Buy,"15,396",275.5
BSE,18/07/2025,AWL,VFTR C INSTITUTIONAL TOTAL INTERNATIONAL STOCK MARKET INDEX TRUST II,Buy,"173,948",275.5
BSE,18/07/2025,AWL,VIS PLC - VANGUARD ESG EMERGING MARKETS ALL CAP EQUITY INDEX FUND,Buy,"2,948",275.5
BSE,18/07/2025,AWL,PROFITEX SHARES & SECURITIES PRIVATE LIMITED,Buy,"1,559,254",275.5
BSE,18/07/2025,AWL,DURO EQUITY OPPORTUNITIES AIF 1,Buy,"385,000",275.5
BSE,18/07/2025,AWL,ADANI COMMODITIES LLP,Sell,"366,606",275.5
BSE,18/07/2025,AWL,ADANI COMMODITIES LLP,Sell,"385,000",275.5
BSE,18/07/2025,AWL,ADANI COMMODITIES LLP,Sell,"623,701",275.5
BSE,18/07/2025,AWL,ADANI COMMODITIES LLP,Sell,"706,477",275.5
BSE,18/07/2025,AWL,ADANI COMMODITIES LLP,Sell,"935,552",275.5
BSE,18/07/2025,AWL,ADANI COMMODITIES LLP,Sell,"1,559,254",275.5
BSE,18/07/2025,AWL,ADANI COMMODITIES LLP,Sell,"3,742,209",275.5
BSE,18/07/2025,AWL,ADANI COMMODITIES LLP,Sell,"4,206,657",275.5
BSE,18/07/2025,AWL,ADANI COMMODITIES LLP,Sell,"4,989,613",275.5
BSE,18/07/2025,AWL,ADANI COMMODITIES LLP,Sell,"7,259,528",275.5
BSE,18/07/2025,AWL,ADANI COMMODITIES LLP,Sell,"110,707,803",275.5
