Security Code,Security Name,Company Name,Ex Date,Purpose,Record Date,BC Start Date,BC End Date,ND Start Date,ND End Date,Actual Payment Date
500040,ABREL,Aditya Birla Real Estate Ltd,15 Jul 2025,Final Dividend - Rs. - 2.0000,15 Jul 2025,-,,15 Jul 2025,15 Jul 2025,-
506260,ANUHPHR,Anuh Pharma Ltd,15 Jul 2025,Bonus issue 1:1,15 Jul 2025,-,,15 Jul 2025,15 Jul 2025,-
543232,CAMS,Computer Age Management Services Ltd,15 Jul 2025,Final Dividend - Rs. - 19.0000,15 Jul 2025,-,,15 Jul 2025,15 Jul 2025,-
542543,ENERGYINF,Energy Infrastructure Trust,15 Jul 2025,Income Distribution (InvIT) ,15 Jul 2025,-,,15 Jul 2025,15 Jul 2025,-
506076,GRINDWELL,Grindwell Norton Ltd,15 Jul 2025,Final Dividend - Rs. - 17.0000,15 Jul 2025,-,,15 Jul 2025,15 Jul 2025,-
500116,IDBI,IDBI Bank Ltd,15 Jul 2025,Final Dividend - Rs. - 2.1000,15 Jul 2025,-,,15 Jul 2025,15 Jul 2025,-
524500,KILITCH,Kilitch Drugs India Ltd,15 Jul 2025,Right Issue of Equity Shares ,15 Jul 2025,-,,15 Jul 2025,15 Jul 2025,-
505283,KIRLPNU,Kirloskar Pneumatic Company Ltd,15 Jul 2025,Final Dividend - Rs. - 6.5000,15 Jul 2025,-,,15 Jul 2025,15 Jul 2025,-
526209,KSOILS,K S Oils Ltd,15 Jul 2025,Resolution Plan -Suspension ,15 Jul 2025,-,,-,-,-
532720,M&MFIN,Mahindra & Mahindra Financial Services Ltd,15 Jul 2025,Final Dividend - Rs. - 6.5000,15 Jul 2025,-,,15 Jul 2025,15 Jul 2025,-
515043,SEKURITIND,Saint Gobain Sekurit India Ltd,15 Jul 2025,Final Dividend - Rs. - 2.0000,15 Jul 2025,-,,15 Jul 2025,15 Jul 2025,-
524129,VINYLINDIA,Vinyl Chemicals (India) Ltd,15 Jul 2025,Final Dividend - Rs. - 7.0000,15 Jul 2025,-,,15 Jul 2025,15 Jul 2025,-
515055,ANANTRAJ,Anant Raj Ltd,16 Jul 2025,Final Dividend - Rs. - 0.7300,16 Jul 2025,-,,15 Jul 2025,16 Jul 2025,-
500477,ASHOKLEY,Ashok Leyland Ltd,16 Jul 2025,Bonus issue 1:1,16 Jul 2025,-,,15 Jul 2025,16 Jul 2025,-
540649,AVADHSUGAR,Avadh Sugar & Energy Ltd,16 Jul 2025,Final Dividend - Rs. - 10.0000,16 Jul 2025,-,,15 Jul 2025,16 Jul 2025,-
523186,BAPACK,B&A Packaging India Ltd,16 Jul 2025,Final Dividend - Rs. - 1.0000,16 Jul 2025,-,,15 Jul 2025,16 Jul 2025,-
543193,DJML,DJ Mediaprint & Logistics Ltd,16 Jul 2025,Final Dividend - Rs. - 0.1000,16 Jul 2025,-,,15 Jul 2025,16 Jul 2025,-
543635,PPLPHARMA,Piramal Pharma Ltd,16 Jul 2025,Final Dividend - Rs. - 0.1400,16 Jul 2025,-,,15 Jul 2025,16 Jul 2025,-
540212,TCIEXP,TCI Express Ltd,16 Jul 2025,Final Dividend - Rs. - 2.0000,16 Jul 2025,-,,15 Jul 2025,16 Jul 2025,-
532540,TCS,Tata Consultancy Services Ltd,16 Jul 2025,Interim Dividend - Rs. - 11.0000,16 Jul 2025,-,,15 Jul 2025,16 Jul 2025,-
506685,ULTRAMAR,Ultramarine & Pigments Ltd,16 Jul 2025,Final Dividend - Rs. - 6.0000,16 Jul 2025,-,,15 Jul 2025,16 Jul 2025,-
506395,COROMANDEL,Coromandel International Ltd,17 Jul 2025,Final Dividend - Rs. - 6.0000,17 Jul 2025,-,,15 Jul 2025,17 Jul 2025,-
506395,COROMANDEL,Coromandel International Ltd,17 Jul 2025,Special Dividend - Rs. - 3.0000,17 Jul 2025,-,,15 Jul 2025,17 Jul 2025,-
500171,GHCL,GHCL Ltd,17 Jul 2025,Final Dividend - Rs. - 12.0000,17 Jul 2025,-,,15 Jul 2025,17 Jul 2025,-
509488,GRAPHITE,Graphite India Ltd,17 Jul 2025,Dividend - Rs. - 11.0000,17 Jul 2025,-,,15 Jul 2025,17 Jul 2025,-
500314,ORIENTHOT,Oriental Hotels Ltd,17 Jul 2025,Final Dividend - Rs. - 0.5000,17 Jul 2025,-,,15 Jul 2025,17 Jul 2025,-
538730,PDSL,PDS Ltd,17 Jul 2025,Final Dividend - Rs. - 1.7000,17 Jul 2025,-,,15 Jul 2025,17 Jul 2025,-
544280,AFCONS,Afcons Infrastructure Ltd,18 Jul 2025,Final Dividend - Rs. - 2.5000,18 Jul 2025,-,,15 Jul 2025,18 Jul 2025,-
544022,ASKAUTOLTD,ASK Automotive Ltd,18 Jul 2025,Final Dividend - Rs. - 1.5000,18 Jul 2025,-,,15 Jul 2025,18 Jul 2025,-
506820,ASTRAZEN,AstraZeneca Pharma India Ltd,18 Jul 2025,Dividend - Rs. - 32.0000,18 Jul 2025,-,,15 Jul 2025,18 Jul 2025,-
500031,BAJAJELEC,Bajaj Electricals Ltd,18 Jul 2025,Final Dividend - Rs. - 3.0000,18 Jul 2025,-,,15 Jul 2025,18 Jul 2025,-
532454,BHARTIARTL,Bharti Airtel Ltd,18 Jul 2025,Final Dividend - Rs. - 16.0000,18 Jul 2025,-,,15 Jul 2025,18 Jul 2025,-
500067,BLUESTARCO,Blue Star Ltd,18 Jul 2025,Final Dividend - Rs. - 9.0000,18 Jul 2025,-,,15 Jul 2025,18 Jul 2025,-
543831,BRIGHT,Bright Outdoor Media Ltd,18 Jul 2025,Bonus issue 1:2,18 Jul 2025,-,,15 Jul 2025,18 Jul 2025,-
532400,BSOFT,Birlasoft Ltd,18 Jul 2025,Final Dividend - Rs. - 4.0000,18 Jul 2025,-,,15 Jul 2025,18 Jul 2025,-
502445,CITADEL,Citadel Realty and Developers Ltd,18 Jul 2025,Interim Dividend - Rs. - 0.5000,18 Jul 2025,-,,15 Jul 2025,18 Jul 2025,-
500480,CUMMINSIND,Cummins India Ltd,18 Jul 2025,Final Dividend - Rs. - 33.5000,18 Jul 2025,-,,15 Jul 2025,18 Jul 2025,-
500096,DABUR,Dabur India Ltd,18 Jul 2025,Final Dividend - Rs. - 5.2500,18 Jul 2025,-,,15 Jul 2025,18 Jul 2025,-
533160,DBREALTY,Valor Estate Ltd,18 Jul 2025,Spin Off ,18 Jul 2025,-,,15 Jul 2025,18 Jul 2025,-
507717,DHANUKA,Dhanuka Agritech Ltd,18 Jul 2025,Final Dividend - Rs. - 2.0000,18 Jul 2025,-,,15 Jul 2025,18 Jul 2025,-
541403,DOLLAR,Dollar Industries Ltd,18 Jul 2025,Final Dividend - Rs. - 3.0000,18 Jul 2025,-,,15 Jul 2025,18 Jul 2025,-
522074,ELGIEQUIP,Elgi Equipments Ltd,18 Jul 2025,Final Dividend - Rs. - 2.2000,18 Jul 2025,-,,15 Jul 2025,18 Jul 2025,-
500086,EXIDEIND,Exide Industries Ltd,18 Jul 2025,Final Dividend - Rs. - 2.0000,19 Jul 2025,-,,15 Jul 2025,18 Jul 2025,-
511676,GICHSGFIN,GIC Housing Finance Ltd,18 Jul 2025,Final Dividend - Rs. - 4.5000,18 Jul 2025,-,,15 Jul 2025,18 Jul 2025,-
500168,GOODYEAR,Goodyear India Ltd,18 Jul 2025,Final Dividend - Rs. - 23.9000,18 Jul 2025,-,,15 Jul 2025,18 Jul 2025,-
509152,GRPLTD,GRP Ltd,18 Jul 2025,Final Dividend - Rs. - 14.5000,18 Jul 2025,-,,15 Jul 2025,18 Jul 2025,-
543227,HAPPSTMNDS,Happiest Minds Technologies Ltd,18 Jul 2025,Final Dividend - Rs. - 3.5000,18 Jul 2025,-,,15 Jul 2025,18 Jul 2025,-
532281,HCLTECH,HCL Technologies Ltd,18 Jul 2025,Interim Dividend - Rs. - 12.0000,18 Jul 2025,-,,15 Jul 2025,18 Jul 2025,-
526217,HITECHCORP,Hitech Corporation Ltd,18 Jul 2025,Final Dividend - Rs. - 1.0000,18 Jul 2025,-,,15 Jul 2025,18 Jul 2025,-
540774,IFGLEXPOR,IFGL Refractories Ltd,18 Jul 2025,Bonus issue 1:1,18 Jul 2025,-,,15 Jul 2025,18 Jul 2025,-
590065,IMPAL,India Motor Parts & Accessories Ltd,18 Jul 2025,Dividend - Rs. - 20.0000,18 Jul 2025,-,,15 Jul 2025,18 Jul 2025,-
504741,INDIANHUME,Indian Hume Pipe Company Ltd,18 Jul 2025,Special Dividend - Rs. - 4.0000,18 Jul 2025,-,,15 Jul 2025,18 Jul 2025,-
504741,INDIANHUME,Indian Hume Pipe Company Ltd,18 Jul 2025,Final Dividend - Rs. - 1.8000,18 Jul 2025,-,,15 Jul 2025,18 Jul 2025,-
533676,INDOTHAI,Indo Thai Securities Ltd,18 Jul 2025,Stock  Split From Rs.10/- to Rs.1/-,18 Jul 2025,-,,15 Jul 2025,18 Jul 2025,-
538835,INTELLECT,Intellect Design Arena Ltd,18 Jul 2025,Special Dividend - Rs. - 3.0000,18 Jul 2025,-,,15 Jul 2025,18 Jul 2025,-
538835,INTELLECT,Intellect Design Arena Ltd,18 Jul 2025,Final Dividend - Rs. - 4.0000,18 Jul 2025,-,,15 Jul 2025,18 Jul 2025,-
500247,KOTAKBANK,Kotak Mahindra Bank Ltd,18 Jul 2025,Final Dividend - Rs. - 2.5000,18 Jul 2025,-,,15 Jul 2025,18 Jul 2025,-
543277,LXCHEM,Laxmi Organic Industries Ltd,18 Jul 2025,Final Dividend - Rs. - 0.5000,18 Jul 2025,-,,15 Jul 2025,18 Jul 2025,-
540650,MAGADSUGAR,Magadh Sugar & Energy Ltd,18 Jul 2025,Final Dividend - Rs. - 12.5000,18 Jul 2025,-,,15 Jul 2025,18 Jul 2025,-
532313,MAHLIFE,Mahindra Lifespace Developers Ltd,18 Jul 2025,Final Dividend - Rs. - 2.8000,18 Jul 2025,-,,15 Jul 2025,18 Jul 2025,-
543425,MAPMYINDIA,C.E. Info Systems Ltd,18 Jul 2025,Final Dividend - Rs. - 3.5000,18 Jul 2025,-,,15 Jul 2025,18 Jul 2025,-
544273,MGEL,Mangalam Global Enterprise Ltd,18 Jul 2025,Final Dividend - Rs. - 0.0100,18 Jul 2025,-,,15 Jul 2025,18 Jul 2025,-
517334,MOTHERSON,Samvardhana Motherson International Ltd,18 Jul 2025,Bonus issue 1:2,18 Jul 2025,-,,15 Jul 2025,18 Jul 2025,-
543498,MSUMI,Motherson Sumi Wiring India Ltd,18 Jul 2025,Bonus issue 1:2,18 Jul 2025,-,,15 Jul 2025,18 Jul 2025,-
524558,NEULANDLAB,Neuland Laboratories Ltd,18 Jul 2025,Final Dividend - Rs. - 12.0000,18 Jul 2025,-,,15 Jul 2025,18 Jul 2025,-
540900,NEWGEN,Newgen Software Technologies Ltd,18 Jul 2025,Final Dividend - Rs. - 5.0000,18 Jul 2025,-,,15 Jul 2025,18 Jul 2025,-
541301,ORIENTELEC,Orient Electric Ltd,18 Jul 2025,Final Dividend - Rs. - 0.7500,18 Jul 2025,-,,15 Jul 2025,18 Jul 2025,-
500333,PIXTRANS,Pix Transmissions Ltd,18 Jul 2025,Final Dividend - Rs. - 9.0000,18 Jul 2025,-,,15 Jul 2025,18 Jul 2025,-
543352,POBS ,PlatinumOne Business Services Ltd,18 Jul 2025,Final Dividend - Rs. - 2.0000,18 Jul 2025,-,,15 Jul 2025,18 Jul 2025,-
543527,PRUDENT,Prudent Corporate Advisory Services Ltd,18 Jul 2025,Final Dividend - Rs. - 2.5000,18 Jul 2025,-,,15 Jul 2025,18 Jul 2025,-
506618,PUNJABCHEM,Punjab Chemicals & Crop Protection Ltd,18 Jul 2025,Final Dividend - Rs. - 3.0000,18 Jul 2025,-,,15 Jul 2025,18 Jul 2025,-
523025,SAFARI,Safari Industries India Ltd,18 Jul 2025,Final Dividend - Rs. - 1.5000,18 Jul 2025,-,,15 Jul 2025,18 Jul 2025,-
522034,SHANTIGEAR,Shanthi Gears Ltd,18 Jul 2025,Final Dividend - Rs. - 2.0000,19 Jul 2025,-,,15 Jul 2025,18 Jul 2025,-
532051,SWELECTES,Swelect Energy Systems Ltd,18 Jul 2025,Final Dividend - Rs. - 3.0000,18 Jul 2025,-,,15 Jul 2025,18 Jul 2025,-
517385,SYMPHONY,Symphony Ltd,18 Jul 2025,Final Dividend - Rs. - 8.0000,18 Jul 2025,-,,15 Jul 2025,18 Jul 2025,-
543638,TRACXN,Tracxn Technologies Ltd,18 Jul 2025,Buy Back of Shares ,18 Jul 2025,-,,15 Jul 2025,18 Jul 2025,-
507747,TTKHLTCARE,TTK Healthcare Ltd,18 Jul 2025,Final Dividend - Rs. - 10.0000,18 Jul 2025,-,,15 Jul 2025,18 Jul 2025,-
501370,WALCHPF,Walchand Peoplefirst Ltd,18 Jul 2025,Final Dividend - Rs. - 1.0000,18 Jul 2025,-,,15 Jul 2025,18 Jul 2025,-
532144,WELCORP,Welspun Corp Ltd,18 Jul 2025,Final Dividend - Rs. - 5.0000,18 Jul 2025,-,,15 Jul 2025,18 Jul 2025,-
590013,XPROINDIA,Xpro India Ltd,18 Jul 2025,Dividend - Rs. - 2.0000,18 Jul 2025,-,,15 Jul 2025,18 Jul 2025,-
503641,ZODIACVEN,Zodiac Ventures Ltd,18 Jul 2025,Right Issue of Equity Shares ,18 Jul 2025,-,,15 Jul 2025,18 Jul 2025,-
543938,ACCELERATE,Acceleratebs India Ltd,21 Jul 2025,Final Dividend - Rs. - 0.2000,21 Jul 2025,-,,15 Jul 2025,21 Jul 2025,-
543312,FOCUS,Focus Business Solution Ltd,21 Jul 2025,Bonus issue 29:50,21 Jul 2025,-,,15 Jul 2025,21 Jul 2025,-
544278,OCCLLTD,OCCL Ltd,21 Jul 2025,Final Dividend - Rs. - 1.5000,21 Jul 2025,-,,15 Jul 2025,21 Jul 2025,-
530365,ORIENTBELL,Orient Bell Ltd,21 Jul 2025,Final Dividend - Rs. - 0.5000,21 Jul 2025,-,,15 Jul 2025,21 Jul 2025,-
500387,SHREECEM,Shree Cement Ltd,21 Jul 2025,Final Dividend - Rs. - 60.0000,21 Jul 2025,-,,15 Jul 2025,21 Jul 2025,-
533158,THANGAMAYL,Thangamayil Jewellery Ltd,21 Jul 2025,Final Dividend - Rs. - 12.5000,21 Jul 2025,-,,15 Jul 2025,21 Jul 2025,-
543329,WINDLAS,Windlas Biotech Ltd,21 Jul 2025,Final Dividend - Rs. - 5.8000,21 Jul 2025,-,,15 Jul 2025,21 Jul 2025,-
544057,HAPPYFORGE,Happy Forgings Ltd,22 Jul 2025,Final Dividend - Rs. - 3.0000,22 Jul 2025,-,,-,-,-
504036,HIRECT,Hind Rectifiers Ltd,22 Jul 2025,Final Dividend - Rs. - 2.0000,22 Jul 2025,-,,-,-,-
531727,MENNPIS,Menon Pistons Ltd,22 Jul 2025,Final Dividend - Rs. - 1.0000,22 Jul 2025,-,,-,-,-
521194,SILINV,SIL Investments Ltd,22 Jul 2025,Final Dividend - Rs. - 2.5000,22 Jul 2025,-,,-,-,-
503811,SIYSIL,Siyaram Silk Mills Ltd,22 Jul 2025,Final Dividend - Rs. - 5.0000,22 Jul 2025,-,,-,-,-
532531,STAR,Strides Pharma Science Ltd,22 Jul 2025,Final Dividend - Rs. - 4.0000,22 Jul 2025,-,,-,-,-
532757,VOLTAMP,Voltamp Transformers Ltd,22 Jul 2025,Final Dividend - Rs. - 100.0000,22 Jul 2025,-,,-,-,-
507817,WIREFABR,Wires & Fabriks SA Ltd,22 Jul 2025,Final Dividend - Rs. - 0.1000,22 Jul 2025,-,,-,-,-
543374,ABSLAMC,Aditya Birla Sun Life AMC Ltd,23 Jul 2025,Dividend - Rs. - 24.0000,23 Jul 2025,-,,-,-,-
540025,ADVENZYMES,Advanced Enzyme Technologies Ltd,23 Jul 2025,Final Dividend - Rs. - 1.2000,23 Jul 2025,-,,-,-,-
503722,BANSWRAS,Banswara Syntex Ltd,23 Jul 2025,Final Dividend - Rs. - 1.0000,23 Jul 2025,-,,-,-,-
540956,BHATIA,Bhatia Communications & Retail (India) Ltd,23 Jul 2025,Final Dividend - Rs. - 0.0100,23 Jul 2025,-,,-,-,-
503681,ELCIDIN,EL CID Investments Ltd,23 Jul 2025,Final Dividend - Rs. - 25.0000,23 Jul 2025,-,,-,-,-
501455,GREAVESCOT,Greaves Cotton Ltd,23 Jul 2025,Final Dividend - Rs. - 2.0000,23 Jul 2025,-,,-,-,-
519552,HERITGFOOD,Heritage Foods Ltd,23 Jul 2025,Final Dividend - Rs. - 2.5000,23 Jul 2025,-,,-,-,-
532889,KPRMILL,K.P.R. Mill Limited,23 Jul 2025,Final Dividend - Rs. - 2.5000,23 Jul 2025,-,,-,-,-
531810,METALCO,Metal Coatings India Ltd,23 Jul 2025,Final Dividend - Rs. - 1.0000,23 Jul 2025,-,,-,-,-
505355,NESCO,NESCO Ltd,23 Jul 2025,Final Dividend - Rs. - 6.5000,23 Jul 2025,-,,-,-,-
500672,NOVARTIND,Novartis India Ltd,23 Jul 2025,Final Dividend - Rs. - 25.0000,23 Jul 2025,-,,-,-,-
500331,PIDILITIND,Pidilite Industries Ltd,23 Jul 2025,Final Dividend - Rs. - 20.0000,23 Jul 2025,-,,-,-,-
539636,PRECAM,Precision Camshafts Ltd,23 Jul 2025,Final Dividend - Rs. - 1.0000,23 Jul 2025,-,,-,-,-
543228,ROUTE,Route Mobile Ltd,23 Jul 2025,Interim Dividend,23 Jul 2025,-,,-,-,-
532221,SONATSOFTW,Sonata Software Ltd,23 Jul 2025,Final Dividend - Rs. - 4.4000,23 Jul 2025,-,,-,-,-
533022,20MICRONS,20 Microns Ltd,24 Jul 2025,Final Dividend - Rs. - 1.2500,24 Jul 2025,-,,-,-,-
509675,BIRLANU,Birlanu Ltd,24 Jul 2025,Final Dividend - Rs. - 30.0000,24 Jul 2025,-,,-,-,-
506197,BLISSGVS,Bliss GVS Pharma Ltd,24 Jul 2025,Final Dividend - Rs. - 0.5000,24 Jul 2025,-,,-,-,-
511243,CHOLAFIN,Cholamandalam Investment and Finance Company Ltd,24 Jul 2025,Final Dividend - Rs. - 0.7000,24 Jul 2025,-,,-,-,-
539876,CROMPTON,Crompton Greaves Consumer Electricals Ltd,24 Jul 2025,Final Dividend - Rs. - 3.0000,24 Jul 2025,-,,-,-,-
532768,FIEMIND,Fiem Industries Ltd,24 Jul 2025,Final Dividend - Rs. - 30.0000,24 Jul 2025,-,,-,-,-
531531,HATSUN,Hatsun Agro Product Ltd,24 Jul 2025,Interim Dividend,24 Jul 2025,-,,-,-,-
500182,HEROMOTOCO,Hero MotoCorp Ltd,24 Jul 2025,Final Dividend - Rs. - 65.0000,24 Jul 2025,-,,-,-,-
507580,IVP,IVP Ltd,24 Jul 2025,Final Dividend - Rs. - 1.0000,24 Jul 2025,-,,-,-,-
532742,PAUSHAKLTD,Paushak Ltd,24 Jul 2025,Final Dividend - Rs. - 20.0000,24 Jul 2025,-,,-,-,-
530117,PRIVISCL,Privi Speciality Chemicals Ltd,24 Jul 2025,Final Dividend - Rs. - 5.0000,24 Jul 2025,-,,-,-,-
532497,RADICO,Radico Khaitan Ltd,24 Jul 2025,Final Dividend - Rs. - 4.0000,24 Jul 2025,-,,-,-,-
523116,SANCTRN,Sanco Trans Ltd,24 Jul 2025,Dividend - Rs. - 2.7000,24 Jul 2025,-,,-,-,-
523301,TCPLPACK,TCPL Packaging Ltd,24 Jul 2025,Dividend - Rs. - 30.0000,24 Jul 2025,-,,-,-,-
523395,3MINDIA,3M India Ltd,25 Jul 2025,Special Dividend - Rs. - 375.0000,25 Jul 2025,-,,-,-,-
523395,3MINDIA,3M India Ltd,25 Jul 2025,Final Dividend - Rs. - 160.0000,25 Jul 2025,-,,-,-,-
500488,ABBOTINDIA,Abbott India Ltd,25 Jul 2025,Final Dividend - Rs. - 475.0000,25 Jul 2025,-,,-,-,-
500710,AKZOINDIA,Akzo Nobel India Ltd,25 Jul 2025,Final Dividend - Rs. - 30.0000,25 Jul 2025,-,,-,-,-
524075,ALBERTDAVD,Albert David Ltd,25 Jul 2025,Final Dividend - Rs. - 5.0000,25 Jul 2025,-,,-,-,-
507526,ASALCBR,Associated Alcohols & Breweries Ltd,25 Jul 2025,Dividend - Rs. - 2.0000,25 Jul 2025,-,,-,-,-
522650,BEMHY,Bemco Hydraulics Ltd ,25 Jul 2025,Final Dividend - Rs. - 2.0000,25 Jul 2025,-,,-,-,-
530803,BHAGERIA,Bhageria Industries Ltd,25 Jul 2025,Dividend - Rs. - 1.5000,25 Jul 2025,-,,-,-,-
544162,BHARTIHEXA,Bharti Hexacom Ltd,25 Jul 2025,Final Dividend - Rs. - 10.0000,25 Jul 2025,-,,-,-,-
523019,BNRSEC,BN Rathi Securities Ltd,25 Jul 2025,Final Dividend - Rs. - 0.5000,25 Jul 2025,-,,-,-,-
501430,BOMBCYC,Bombay Cycle & Motor Agency Ltd,25 Jul 2025,Final Dividend - Rs. - 5.0000,25 Jul 2025,-,,-,-,-
544120,CAPITALSFB,Capital Small Finance Bank Ltd,25 Jul 2025,Final Dividend - Rs. - 4.0000,25 Jul 2025,-,,-,-,-
517544,CENTUM,Centum Electronics Ltd,25 Jul 2025,Final Dividend - Rs. - 6.0000,25 Jul 2025,-,,-,-,-
532488,DIVISLAB,Divis Laboratories Ltd,25 Jul 2025,Final Dividend - Rs. - 30.0000,25 Jul 2025,-,,-,-,-
541557,FINEORG,Fine Organic Industries Ltd,25 Jul 2025,Final Dividend - Rs. - 11.0000,26 Jul 2025,-,,-,-,-
523672,FLEXFO,Flex Foods Ltd,25 Jul 2025,Final Dividend - Rs. - 0.5000,25 Jul 2025,-,,-,-,-
505255,GMMPFAUDLR,GMM Pfaudler Ltd,25 Jul 2025,Final Dividend - Rs. - 1.0000,25 Jul 2025,-,,-,-,-
506480,GOCLCORP,GOCL Corporation Ltd,25 Jul 2025,Dividend - Rs. - 10.0000,25 Jul 2025,-,,-,-,-
532216,HBSL,HB Stockholdings Ltd,25 Jul 2025,Dividend - Rs. - 1.0000,25 Jul 2025,-,,-,-,-
532835,ICRA,ICRA Ltd,25 Jul 2025,Final Dividend - Rs. - 60.0000,25 Jul 2025,-,,-,-,-
533047,IMFA,Indian Metals & Ferro Alloys Ltd,25 Jul 2025,Final Dividend - Rs. - 5.0000,25 Jul 2025,-,,-,-,-
543644,INFOBEAN,Infobeans Technologies Ltd,25 Jul 2025,Final Dividend - Rs. - 1.0000,25 Jul 2025,-,,-,-,-
543271,JUBLINGREA,Jubilant Ingrevia Ltd,25 Jul 2025,Final Dividend - Rs. - 2.5000,25 Jul 2025,-,,-,-,-
530019,JUBLPHARMA,Jubilant Pharmova Ltd,25 Jul 2025,Final Dividend - Rs. - 5.0000,25 Jul 2025,-,,-,-,-
500241,KIRLOSBROS,Kirloskar Brothers Ltd,25 Jul 2025,Final Dividend - Rs. - 7.0000,25 Jul 2025,-,,-,-,-
543526,LICI,Life Insurance Corporation of India,25 Jul 2025,Final Dividend - Rs. - 12.0000,25 Jul 2025,-,,-,-,-
500264,MAFATIND,Mafatlal Industries Ltd,25 Jul 2025,Final Dividend - Rs. - 1.0000,25 Jul 2025,-,,-,-,-
532777,NAUKRI,Info Edge (India) Ltd,25 Jul 2025,Final Dividend - Rs. - 3.6000,25 Jul 2025,-,,-,-,-
532864,NELCAST,Nelcast Ltd,25 Jul 2025,Dividend - Rs. - 0.5000,25 Jul 2025,-,,-,-,-
506532,NITTAGELA,Nitta Gelatin India Ltd,25 Jul 2025,Dividend - Rs. - 6.0000,25 Jul 2025,-,,-,-,-
506532,NITTAGELA,Nitta Gelatin India Ltd,25 Jul 2025,Special Dividend - Rs. - 2.0000,25 Jul 2025,-,,-,-,-
535754,ORIENTCEM,Orient Cement Ltd,25 Jul 2025,Final Dividend - Rs. - 0.5000,25 Jul 2025,-,,-,-,-
543782,SEALMATIC,Sealmatic India Ltd,25 Jul 2025,Final Dividend - Rs. - 1.1000,25 Jul 2025,-,,-,-,-
544344,SHRIPISTON,Shriram Pistons & Rings Ltd,25 Jul 2025,Final Dividend - Rs. - 5.0000,25 Jul 2025,-,,-,-,-
542920,SUMICHEM,Sumitomo Chemical India Ltd,25 Jul 2025,Final Dividend - Rs. - 1.2000,25 Jul 2025,-,,-,-,-
539871,THYROCARE,Thyrocare Technologies Ltd,25 Jul 2025,Final Dividend - Rs. - 21.0000,25 Jul 2025,-,,-,-,-
540762,TIINDIA,Tube Investments of India Ltd,25 Jul 2025,Final Dividend - Rs. - 1.5000,25 Jul 2025,-,,-,-,-
522113,TIMKEN,Timken India Ltd,25 Jul 2025,Final Dividend - Rs. - 36.0000,25 Jul 2025,-,,-,-,-
520151,TRANSWORLD,Transworld Shipping Lines Ltd,25 Jul 2025,Dividend - Rs. - 1.5000,25 Jul 2025,-,,-,-,-
532477,UNIONBANK,Union Bank of India,25 Jul 2025,Final Dividend - Rs. - 4.7500,25 Jul 2025,-,,-,-,-
532321,ZYDUSLIFE,Zydus Lifesciences Ltd,25 Jul 2025,Final Dividend - Rs. - 11.0000,25 Jul 2025,-,,-,-,-
508814,COSMOFIRST,Cosmo First Ltd,28 Jul 2025,Final Dividend - Rs. - 4.0000,28 Jul 2025,-,,-,-,-
500092,CRISIL,CRISIL Ltd,28 Jul 2025,Interim Dividend,28 Jul 2025,-,,-,-,-
532868,DLF,DLF Ltd,28 Jul 2025,Final Dividend - Rs. - 6.0000,28 Jul 2025,-,,-,-,-
523127,EIHAHOTELS,EIH Associated Hotels Ltd,28 Jul 2025,Final Dividend - Rs. - 3.5000,28 Jul 2025,-,,-,-,-
542651,KPITTECH,KPIT Technologies Ltd,28 Jul 2025,Final Dividend - Rs. - 6.0000,28 Jul 2025,-,,-,-,-
540980,YSL,The Yamuna Syndicate Ltd,28 Jul 2025,Final Dividend - Rs. - 500.0000,28 Jul 2025,-,,-,-,-
543972,AEROFLEX,Aeroflex Industries Ltd,29 Jul 2025,Final Dividend - Rs. - 0.3000,29 Jul 2025,-,,-,-,-
532259,APARINDS,Apar Industries Ltd,29 Jul 2025,Final Dividend - Rs. - 51.0000,29 Jul 2025,-,,-,-,-
533573,APLLTD,Alembic Pharmaceuticals Ltd,29 Jul 2025,Final Dividend - Rs. - 11.0000,29 Jul 2025,-,,-,-,-
500530,BOSCHLTD,Bosch Ltd,29 Jul 2025,Final Dividend - Rs. - 512.0000,29 Jul 2025,-,,-,-,-
544131,GPTHEALTH,GPT Healthcare Ltd,29 Jul 2025,Final Dividend - Rs. - 1.5000,29 Jul 2025,-,,-,-,-
533295,PSB,Punjab & Sind Bank,29 Jul 2025,Final Dividend - Rs. - 0.0700,29 Jul 2025,-,,-,-,-
505800,RANEHOLDIN,Rane Holdings Ltd,29 Jul 2025,Final Dividend - Rs. - 38.0000,29 Jul 2025,-,,-,-,-
524218,RESONANCE,Resonance Specialties Ltd,29 Jul 2025,Final Dividend - Rs. - 1.0000,29 Jul 2025,-,,-,-,-
532661,RML,Rane (Madras) Ltd,29 Jul 2025,Final Dividend - Rs. - 8.0000,29 Jul 2025,-,,-,-,-
505685,TAPARIA,Taparia Tools Ltd,29 Jul 2025,Final Dividend - Rs. - 25.0000,29 Jul 2025,-,,-,-,-
500042,BASF,BASF India Ltd,30 Jul 2025,Final Dividend - Rs. - 20.0000,30 Jul 2025,-,,-,-,-
509472,CRAVATEX,Cravatex Ltd,30 Jul 2025,Final Dividend - Rs. - 12.5000,30 Jul 2025,-,,-,-,-
500840,EIHOTEL,EIH Ltd,30 Jul 2025,Final Dividend - Rs. - 1.5000,30 Jul 2025,-,,-,-,-
506943,JBCHEPHARM,JB Chemicals & Pharmaceuticals Ltd,30 Jul 2025,Final Dividend - Rs. - 7.0000,30 Jul 2025,-,,-,-,-
522241,MMFL,MM Forgings Ltd,30 Jul 2025,Final Dividend - Rs. - 4.0000,30 Jul 2025,-,,-,-,-
500730,NOCIL,NOCIL Ltd,30 Jul 2025,Final Dividend - Rs. - 2.0000,30 Jul 2025,-,,-,-,-
539273,PECOS,Pecos Hotels and Pubs Ltd,30 Jul 2025,Final Dividend - Rs. - 3.5000,30 Jul 2025,-,,-,-,-
523023,SINCLAIR,Sinclairs Hotels Ltd,30 Jul 2025,Dividend - Rs. - 0.8000,30 Jul 2025,-,,-,-,-
533553,TDPOWERSYS,TD Power Systems Ltd,30 Jul 2025,Final Dividend - Rs. - 0.6500,30 Jul 2025,-,,-,-,-
539118,VRLLOG,VRL Logistics Ltd,30 Jul 2025,Final Dividend - Rs. - 10.0000,30 Jul 2025,-,,-,-,-
513375,CARBORUNIV,Carborundum Universal Ltd,31 Jul 2025,Final Dividend - Rs. - 2.5000,31 Jul 2025,-,,-,-,-
526817,CHEVIOT,Cheviot Company Ltd,31 Jul 2025,Final Dividend - Rs. - 5.0000,31 Jul 2025,-,,-,-,-
540724,DIAMONDYD,Prataap Snacks Ltd,31 Jul 2025,Dividend - Rs. - 0.5000,31 Jul 2025,-,,-,-,-
540743,GODREJAGRO,Godrej Agrovet Ltd,31 Jul 2025,Final Dividend - Rs. - 11.0000,31 Jul 2025,-,,-,-,-
533761,GPTINFRA,GPT Infraprojects Ltd,31 Jul 2025,Final Dividend - Rs. - 1.0000,31 Jul 2025,-,,-,-,-
532482,GRANULES,Granules India Ltd,31 Jul 2025,Final Dividend - Rs. - 1.5000,31 Jul 2025,-,,-,-,-
517380,IGARASHI,Igarashi Motors India Ltd,31 Jul 2025,Final Dividend - Rs. - 2.5000,31 Jul 2025,-,,-,-,-
509496,ITDCEM,ITD Cementation India Ltd,31 Jul 2025,Final Dividend - Rs. - 2.0000,31 Jul 2025,-,,-,-,-
533293,KIRLOSENG,Kirloskar Oil Engines Ltd,31 Jul 2025,Final Dividend - Rs. - 4.0000,31 Jul 2025,-,,-,-,-
505299,KPT,KPT Industries Ltd,31 Jul 2025,Dividend - Rs. - 3.0000,31 Jul 2025,-,,-,-,-
532478,UBL,United Breweries Ltd,31 Jul 2025,Final Dividend - Rs. - 10.0000,31 Jul 2025,-,,-,-,-
517146,USHAMART,Usha Martin Ltd,31 Jul 2025,Final Dividend - Rs. - 3.0000,31 Jul 2025,-,,-,-,-
532953,VGUARD,V-Guard Industries Ltd,31 Jul 2025,Final Dividend - Rs. - 1.5000,31 Jul 2025,-,,-,-,-
523411,ADCINDIA,ADC India Communications Ltd,01 Aug 2025,Final Dividend - Rs. - 5.0000,01 Aug 2025,-,,-,-,-
502330,ANDHRAPAP,Andhra Paper Ltd,01 Aug 2025,Final Dividend - Rs. - 1.0000,01 Aug 2025,-,,-,-,-
500008,ARE&M,Amara Raja Energy & Mobility Ltd,01 Aug 2025,Final Dividend - Rs. - 5.2000,01 Aug 2025,-,,-,-,-
500043,BATAINDIA,Bata India Ltd,01 Aug 2025,Final Dividend - Rs. - 9.0000,01 Aug 2025,-,,-,-,-
522004,BATLIBOI,Batliboi Ltd,01 Aug 2025,Final Dividend - Rs. - 0.6000,01 Aug 2025,-,,-,-,-
532230,BENGALT,Bengal Tea & Fabrics Ltd,01 Aug 2025,Final Dividend - Rs. - 1.5000,01 Aug 2025,-,,-,-,-
544012,CELLO,Cello World Ltd,01 Aug 2025,Final Dividend - Rs. - 1.5000,01 Aug 2025,-,,-,-,-
504973,CHOLAHLDNG,Cholamandalam Financial Holdings Ltd,01 Aug 2025,Final Dividend - Rs. - 1.3000,01 Aug 2025,-,,-,-,-
513353,COCHINM,Cochin Minerals & Rutiles Ltd,01 Aug 2025,Final Dividend - Rs. - 8.0000,01 Aug 2025,-,,-,-,-
532210,CUB,City Union Bank Ltd,01 Aug 2025,Dividend - Rs. - 2.0000,01 Aug 2025,-,,-,-,-
543428,DATAPATTNS ,Data Patterns (India) Ltd,01 Aug 2025,Final Dividend - Rs. - 7.9000,01 Aug 2025,-,,-,-,-
538902,DTIL,Dhunseri Tea & Industries Ltd,01 Aug 2025,Final Dividend - Rs. - 1.0000,01 Aug 2025,-,,-,-,-
523736,DVL,Dhunseri Ventures Ltd,01 Aug 2025,Final Dividend - Rs. - 5.0000,01 Aug 2025,-,,-,-,-
505200,EICHERMOT,Eicher Motors Ltd,01 Aug 2025,Final Dividend - Rs. - 70.0000,01 Aug 2025,-,,-,-,-
540153,ENDURANCE,Endurance Technologies Ltd,01 Aug 2025,Final Dividend - Rs. - 10.0000,01 Aug 2025,-,,-,-,-
540935,GALAXYSURF,Galaxy Surfactants Ltd,01 Aug 2025,Final Dividend - Rs. - 4.0000,01 Aug 2025,-,,-,-,-
544029,GANDHAR,Gandhar Oil Refinery (India) Ltd,01 Aug 2025,Final Dividend - Rs. - 0.5000,01 Aug 2025,-,,-,-,-
500213,ITHL,International Travel House Ltd,01 Aug 2025,Final Dividend - Rs. - 5.5000,01 Aug 2025,-,,-,-,-
504840,KAIRA,Kaira Can Company Ltd,01 Aug 2025,Final Dividend - Rs. - 12.0000,01 Aug 2025,-,,-,-,-
504084,KAYCEEI,Kaycee Industries Ltd,01 Aug 2025,Final Dividend - Rs. - 2.0000,01 Aug 2025,-,,-,-,-
500267,MAJESAUT,Majestic Auto Ltd,01 Aug 2025,Final Dividend - Rs. - 5.0000,01 Aug 2025,-,,-,-,-
531642,MARICO,Marico Ltd,01 Aug 2025,Final Dividend - Rs. - 7.0000,01 Aug 2025,-,,-,-,-
524404,MARKSANS,Marksans Pharma Ltd,01 Aug 2025,Final Dividend - Rs. - 0.8000,01 Aug 2025,-,,-,-,-
532500,MARUTI,Maruti Suzuki India Ltd,01 Aug 2025,Final Dividend - Rs. - 135.0000,01 Aug 2025,-,,-,-,-
520043,MUNJALSHOW,Munjal Showa Ltd,01 Aug 2025,Dividend - Rs. - 4.5000,01 Aug 2025,-,,-,-,-
539551,NH,Narayana Hrudayalaya Ltd,01 Aug 2025,Final Dividend - Rs. - 4.5000,01 Aug 2025,-,,-,-,-
540173,PNBHOUSING,PNB Housing Finance Ltd,01 Aug 2025,Final Dividend - Rs. - 5.0000,01 Aug 2025,-,,-,-,-
513532,PRADPME,Pradeep Metals Ltd,01 Aug 2025,Final Dividend - Rs. - 2.5000,01 Aug 2025,-,,-,-,-
532524,PTC,PTC India Ltd,01 Aug 2025,Final Dividend - Rs. - 6.7000,01 Aug 2025,-,,-,-,-
543957,REDTAPE,Redtape Ltd,01 Aug 2025,Final Dividend - Rs. - 0.2500,01 Aug 2025,-,,-,-,-
590051,SAKSOFT,Saksoft Ltd,01 Aug 2025,Final Dividend - Rs. - 0.4000,01 Aug 2025,-,,-,-,-
539450,SHK,S H Kelkar and Company Ltd,01 Aug 2025,Final Dividend - Rs. - 1.0000,01 Aug 2025,-,,-,-,-
543596,TMB,Tamilnad Mercantile Bank Ltd,01 Aug 2025,Final Dividend - Rs. - 11.0000,01 Aug 2025,-,,-,-,-
500148,UFLEX,Uflex Ltd,01 Aug 2025,Final Dividend - Rs. - 3.0000,01 Aug 2025,-,,-,-,-
532432,UNITDSPR,United Spirits Ltd,01 Aug 2025,Final Dividend - Rs. - 8.0000,01 Aug 2025,-,,-,-,-
526586,WIMPLAST,Wim Plast Ltd,01 Aug 2025,Final Dividend - Rs. - 10.0000,01 Aug 2025,-,,-,-,-
505872,WPIL,WPIL Ltd,01 Aug 2025,Dividend - Rs. - 2.0000,01 Aug 2025,-,,-,-,-
500825,BRITANNIA,Britannia Industries Ltd,04 Aug 2025,Final Dividend - Rs. - 75.0000,04 Aug 2025,-,,-,-,-
532737,EMKAY,Emkay Global Financial Services Ltd,04 Aug 2025,Final Dividend - Rs. - 1.5000,04 Aug 2025,-,,-,-,-
532737,EMKAY,Emkay Global Financial Services Ltd,04 Aug 2025,Special Dividend - Rs. - 2.5000,04 Aug 2025,-,,-,-,-
543252,FAIRCHEMOR,Fairchem Organics Ltd,04 Aug 2025,Final Dividend - Rs. - 7.5000,04 Aug 2025,-,,-,-,-
513108,GANDHITUBE,Gandhi Special Tubes Ltd,04 Aug 2025,Final Dividend - Rs. - 15.0000,04 Aug 2025,-,,-,-,-
505710,GRAUWEIL,Grauer & Weil India Ltd,04 Aug 2025,Final Dividend - Rs. - 0.5000,04 Aug 2025,-,,-,-,-
526797,GREENPLY,Greenply Industries Ltd,04 Aug 2025,Final Dividend - Rs. - 0.5000,04 Aug 2025,-,,-,-,-
506235,ALEMBICLTD,Alembic Ltd,05 Aug 2025,Final Dividend - Rs. - 2.4000,05 Aug 2025,-,,-,-,-
505010,AUTOAXLES,Automotive Axles Ltd,05 Aug 2025,Final Dividend - Rs. - 30.5000,05 Aug 2025,-,,-,-,-
544364,BAJAJINDEF,Indef Manufacturing Ltd,05 Aug 2025,Final Dividend - Rs. - 2.0000,05 Aug 2025,-,,-,-,-
509438,BENARAS,Benares Hotels Ltd,05 Aug 2025,Final Dividend - Rs. - 25.0000,05 Aug 2025,-,,-,-,-
500280,CENTENKA,Century Enka Ltd,05 Aug 2025,Final Dividend - Rs. - 10.0000,05 Aug 2025,-,,-,-,-
523367,DCMSHRIRAM,DCM Shriram Ltd,05 Aug 2025,Final Dividend - Rs. - 3.4000,05 Aug 2025,-,,-,-,-
509162,INDAG,Indag Rubber Ltd,05 Aug 2025,Final Dividend - Rs. - 1.5000,05 Aug 2025,-,,-,-,-
524494,IPCALAB,Ipca Laboratories Ltd,05 Aug 2025,Final Dividend - Rs. - 2.0000,05 Aug 2025,-,,-,-,-
530589,PRIMAPLA,Prima Plastics Ltd,05 Aug 2025,Final Dividend - Rs. - 2.0000,05 Aug 2025,-,,-,-,-
519183,ADFFOODS,Adf Foods Ltd,06 Aug 2025,Final Dividend - Rs. - 0.6000,06 Aug 2025,-,,-,-,-
519105,AVTNPL,AVT Natural Products Ltd,06 Aug 2025,Final Dividend - Rs. - 0.4000,06 Aug 2025,-,,-,-,-
526612,BLUEDART,Blue Dart Express Ltd,06 Aug 2025,Final Dividend - Rs. - 25.0000,06 Aug 2025,-,,-,-,-
500020,BOMDYEING,Bombay Dyeing & Manufacturing Company Ltd,06 Aug 2025,Final Dividend - Rs. - 1.2000,06 Aug 2025,-,,-,-,-
506414,FERMENTA,Fermenta Biotech Ltd,06 Aug 2025,Final Dividend - Rs. - 2.5000,06 Aug 2025,-,,-,-,-
500243,KIRLOSIND,Kirloskar Industries Ltd,06 Aug 2025,Final Dividend - Rs. - 13.0000,06 Aug 2025,-,,-,-,-
538964,MERCURYLAB,Mercury Laboratories Ltd,06 Aug 2025,Final Dividend - Rs. - 3.5000,06 Aug 2025,-,,-,-,-
500260,RAMCOCEM,The Ramco Cements Ltd,06 Aug 2025,Final Dividend - Rs. - 2.0000,06 Aug 2025,-,,-,-,-
532369,RAMCOIND,Ramco Industries Ltd,06 Aug 2025,Final Dividend - Rs. - 1.0000,06 Aug 2025,-,,-,-,-
512573,AVANTIFEED,Avanti Feeds Ltd,07 Aug 2025,Final Dividend - Rs. - 9.0000,07 Aug 2025,-,,-,-,-
506285,BAYERCROP,Bayer CropScience Ltd,07 Aug 2025,Final Dividend - Rs. - 35.0000,07 Aug 2025,-,,-,-,-
533336,DHUNINV,Dhunseri Investments Ltd,07 Aug 2025,Final Dividend - Rs. - 3.0000,07 Aug 2025,-,,-,-,-
500068,DISAQ,Disa India Ltd,07 Aug 2025,Final Dividend - Rs. - 100.0000,07 Aug 2025,-,,-,-,-
500133,ESABINDIA,Esab India Ltd,07 Aug 2025,Final Dividend - Rs. - 42.0000,07 Aug 2025,-,,-,-,-
523457,LINDEINDIA,Linde India Ltd,07 Aug 2025,Final Dividend - Rs. - 12.0000,07 Aug 2025,-,,-,-,-
517206,LUMAXIND,Lumax Industries Ltd,07 Aug 2025,Final Dividend - Rs. - 35.0000,07 Aug 2025,-,,-,-,-
532796,LUMAXTECH,Lumax Auto Technologies Ltd,07 Aug 2025,Final Dividend - Rs. - 5.5000,07 Aug 2025,-,,-,-,-
506734,MYSORPETRO,Mysore Petro Chemicals Ltd,07 Aug 2025,Final Dividend - Rs. - 2.0000,07 Aug 2025,-,,-,-,-
523642,PIIND,PI Industries Ltd,07 Aug 2025,Final Dividend - Rs. - 10.0000,07 Aug 2025,-,,-,-,-
538666,SHARDACROP,Sharda Cropchem Ltd,07 Aug 2025,Final Dividend - Rs. - 6.0000,07 Aug 2025,-,,-,-,-
539523,ALKEM,Alkem Laboratories Ltd,08 Aug 2025,Final Dividend - Rs. - 8.0000,08 Aug 2025,-,,-,-,-
513507,GUJCONT,Gujarat Containers Ltd,08 Aug 2025,Final Dividend - Rs. - 1.5000,08 Aug 2025,-,,-,-,-
507960,GUJHOTE,Gujarat Hotels Ltd,08 Aug 2025,Final Dividend - Rs. - 3.0000,08 Aug 2025,-,,-,-,-
530965,IOC,Indian Oil Corporation Ltd,08 Aug 2025,Final Dividend - Rs. - 3.0000,08 Aug 2025,-,,-,-,-
534091,MCX,Multi Commodity Exchange of India Ltd,08 Aug 2025,Dividend - Rs. - 30.0000,08 Aug 2025,-,,-,-,-
500078,OAL,Oriental Aromatics Ltd,08 Aug 2025,Final Dividend - Rs. - 0.5000,08 Aug 2025,-,,-,-,-
539978,QUESS,Quess Corp Ltd,08 Aug 2025,Final Dividend - Rs. - 6.0000,08 Aug 2025,-,,-,-,-
541578,VARROC,Varroc Engineering Ltd,08 Aug 2025,Final Dividend - Rs. - 1.0000,08 Aug 2025,-,,-,-,-
516072,VISHNU,Vishnu Chemicals Ltd,08 Aug 2025,Final Dividend - Rs. - 0.3000,08 Aug 2025,-,,-,-,-
500444,WSTCSTPAPR,West Coast Paper Mills Ltd,08 Aug 2025,Final Dividend - Rs. - 5.0000,08 Aug 2025,-,,-,-,-
533023,ZFCVINDIA,ZF Commercial Vehicle Control Systems India Ltd,08 Aug 2025,Final Dividend - Rs. - 19.0000,08 Aug 2025,-,,-,-,-
500870,CASTROLIND,Castrol India Ltd,11 Aug 2025,Interim Dividend,11 Aug 2025,-,,-,-,-
533104,GLOBUSSPR,Globus Spirits Ltd,11 Aug 2025,Dividend - Rs. - 2.7600,11 Aug 2025,-,,-,-,-
508670,NEAGI,Neelamalai Agro Industries Ltd,11 Aug 2025,Dividend - Rs. - 30.0000,11 Aug 2025,-,,-,-,-
532610,DWARKESH,Dwarikesh Sugar Industries Ltd,12 Aug 2025,Final Dividend - Rs. - 0.5000,12 Aug 2025,-,,-,-,-
541019,HGINFRA,H.G. Infra Engineering Ltd,12 Aug 2025,Final Dividend - Rs. - 2.0000,12 Aug 2025,-,,-,-,-
532174,ICICIBANK,ICICI Bank Ltd,12 Aug 2025,Dividend - Rs. - 11.0000,12 Aug 2025,-,,-,-,-
543311,IPL,India Pesticides Ltd,12 Aug 2025,Dividend - Rs. - 0.7500,12 Aug 2025,-,,-,-,-
524774,NGLFINE,NGL Fine Chem Ltd,12 Aug 2025,Final Dividend - Rs. - 1.7500,12 Aug 2025,-,,-,-,-
526821,DAICHI,Dai-Ichi Karkaria Ltd,13 Aug 2025,Final Dividend - Rs. - 3.5000,13 Aug 2025,-,,-,-,-
509631,HEG,HEG Ltd,13 Aug 2025,Final Dividend - Rs. - 1.8000,13 Aug 2025,-,,-,-,-
539448,INDIGO,InterGlobe Aviation Ltd,13 Aug 2025,Final Dividend - Rs. - 10.0000,13 Aug 2025,-,,-,-,-
532440,MPSLTD,MPS Ltd,13 Aug 2025,Final Dividend - Rs. - 50.0000,13 Aug 2025,-,,-,-,-
532827,PAGEIND,Page Industries Ltd,13 Aug 2025,Interim Dividend,13 Aug 2025,-,,-,-,-
543187,POWERINDIA,Hitachi Energy India Ltd,13 Aug 2025,Final Dividend - Rs. - 6.0000,13 Aug 2025,-,,-,-,-
506597,AMAL,Amal Ltd,14 Aug 2025,Dividend - Rs. - 1.0000,14 Aug 2025,-,,-,-,-
506260,ANUHPHR,Anuh Pharma Ltd,14 Aug 2025,Final Dividend - Rs. - 1.5000,14 Aug 2025,-,,-,-,-
541153,BANDHANBNK,Bandhan Bank Ltd,14 Aug 2025,Dividend - Rs. - 1.5000,14 Aug 2025,-,,-,-,-
531719,BHAGCHEM,Bhagiradha Chemicals & Industries Ltd,14 Aug 2025,Final Dividend - Rs. - 0.1500,14 Aug 2025,-,,-,-,-
532684,EKC,Everest Kanto Cylinder Ltd,14 Aug 2025,Final Dividend - Rs. - 0.7000,14 Aug 2025,-,,-,-,-
500650,EXCELINDUS,Excel Industries Ltd,14 Aug 2025,Final Dividend - Rs. - 13.7500,14 Aug 2025,-,,-,-,-
543663,FIVESTAR,Five-Star Business Finance Ltd,14 Aug 2025,Final Dividend - Rs. - 2.0000,14 Aug 2025,-,,-,-,-
543245,GLAND,Gland Pharma Ltd,14 Aug 2025,Final Dividend - Rs. - 18.0000,14 Aug 2025,-,,-,-,-
532734,GPIL,Godawari Power and Ispat Ltd,14 Aug 2025,Final Dividend - Rs. - 1.0000,16 Aug 2025,-,,-,-,-
500104,HINDPETRO,Hindustan Petroleum Corporation Ltd,14 Aug 2025,Final Dividend - Rs. - 10.5000,14 Aug 2025,-,,-,-,-
523323,KOVAI,Kovai Medical Center & Hospital Ltd,14 Aug 2025,Final Dividend - Rs. - 10.0000,15 Aug 2025,-,,-,-,-
500250,LGBBROSLTD,LG Balakrishnan & Bros Ltd,14 Aug 2025,Final Dividend - Rs. - 20.0000,14 Aug 2025,-,,-,-,-
502157,MANGLMCEM,Mangalam Cement Ltd,14 Aug 2025,Final Dividend - Rs. - 1.5000,15 Aug 2025,-,,-,-,-
538962,MINDACORP,Minda Corporation Ltd,14 Aug 2025,Final Dividend - Rs. - 0.9000,14 Aug 2025,-,,-,-,-
523160,MORGANITE,Morganite Crucible India Ltd,14 Aug 2025,Final Dividend - Rs. - 19.0000,14 Aug 2025,-,,-,-,-
533168,ROSSELLIND,Rossell India Ltd,14 Aug 2025,Dividend - Rs. - 0.4000,15 Aug 2025,-,,-,-,-
533339,ZENTEC,ZEN Technologies Ltd,14 Aug 2025,Final Dividend - Rs. - 2.0000,15 Aug 2025,-,,-,-,-
531306,DHPIND,DHP India Ltd,18 Aug 2025,Final Dividend - Rs. - 4.0000,18 Aug 2025,-,,-,-,-
504258,LAKSELEC,Lakshmi Electrical Control Systems Ltd,18 Aug 2025,Final Dividend - Rs. - 4.0000,18 Aug 2025,-,,-,-,-
522281,RAMRAT,Ram Ratna Wires Ltd,18 Aug 2025,Dividend - Rs. - 2.5000,18 Aug 2025,-,,-,-,-
508869,APOLLOHOSP,Apollo Hospitals Enterprise Ltd,19 Aug 2025,Final Dividend - Rs. - 10.0000,19 Aug 2025,-,,-,-,-
524542,SUKHJITS,Sukhjit Starch & Chemicals Ltd,20 Aug 2025,Final Dividend - Rs. - 1.0000,20 Aug 2025,-,,-,-,-
514045,BSL,BSL Ltd,21 Aug 2025,Final Dividend - Rs. - 0.8000,21 Aug 2025,-,,-,-,-
541154,HAL,Hindustan Aeronautics Ltd,21 Aug 2025,Final Dividend - Rs. - 15.0000,21 Aug 2025,-,,-,-,-
500234,KAKATCEM,Kakatiya Cement Sugar & Industries Ltd,21 Aug 2025,Final Dividend - Rs. - 3.0000,21 Aug 2025,-,,-,-,-
530517,RELAXO,Relaxo Footwears Ltd,21 Aug 2025,Final Dividend - Rs. - 3.0000,21 Aug 2025,-,,-,-,-
500413,THOMASCOOK,Thomas Cook (India) Ltd,21 Aug 2025,Final Dividend - Rs. - 0.4500,21 Aug 2025,-,,-,-,-
531161,ABMKNO,ABM Knowledgeware Ltd,22 Aug 2025,Final Dividend - Rs. - 1.2500,22 Aug 2025,-,,-,-,-
530499,AKCAPIT,AK Capital Services Ltd,22 Aug 2025,Final Dividend - Rs. - 14.0000,22 Aug 2025,-,,-,-,-
542679,DEL,Dhanashree Electronics Ltd,22 Aug 2025,Final Dividend - Rs. - 0.1000,22 Aug 2025,-,,-,-,-
522275,GVTD,GE Vernova T&D India Ltd,22 Aug 2025,Final Dividend - Rs. - 5.0000,22 Aug 2025,-,,-,-,-
544112,JGTL,Jasch Gauging Technologies Ltd,22 Aug 2025,Final Dividend - Rs. - 2.5000,22 Aug 2025,-,,-,-,-
532937,KUANTUM,Kuantum Papers Ltd,22 Aug 2025,Final Dividend - Rs. - 3.0000,22 Aug 2025,-,,-,-,-
543287,LODHA,Lodha Developers Ltd,22 Aug 2025,Final Dividend - Rs. - 4.2500,22 Aug 2025,-,,-,-,-
532503,RAJPALAYAM,Rajapalayam Mills Ltd,22 Aug 2025,Dividend - Rs. - 0.5000,22 Aug 2025,-,,-,-,-
502180,SHREDIGCEM,Shree Digvijay Cement Company Ltd,22 Aug 2025,Dividend - Rs. - 1.5000,22 Aug 2025,-,,-,-,-
507815,GILLETTE,Gillette India Ltd,26 Aug 2025,Final Dividend - Rs. - 47.0000,26 Aug 2025,-,,-,-,-
517449,MAGNAELQ,Magna Electro Castings Ltd,28 Aug 2025,Final Dividend - Rs. - 6.0000,28 Aug 2025,-,,-,-,-
543653,BIKAJI,Bikaji Foods International Ltd,29 Aug 2025,Final Dividend - Rs. - 1.0000,29 Aug 2025,-,,-,-,-
526367,GANESHHOUC,Ganesh Housing Corporation Ltd,29 Aug 2025,Dividend - Rs. - 5.0000,29 Aug 2025,-,,-,-,-
543600,HARSHA,Harsha Engineers International Ltd,29 Aug 2025,Final Dividend - Rs. - 1.0000,29 Aug 2025,-,,-,-,-
517059,SALZERELEC,Salzer Electronics Ltd,29 Aug 2025,Final Dividend - Rs. - 2.5000,29 Aug 2025,-,,-,-,-
