Stock,Clause,Name,Type,Amount,Value,Transaction,Attachment,Time
MRF,7(2),Braga Industries LLP,Equity Shares,"1,000","8,01,87,186.00",Buy,https://nsearchives.nseindia.com/corporate/xbrl/IT_1105075_471628_01072021062010_WEB.xml,01-Jul-2021 18:20
MRF,7(2),Braga Industries LLP,Equity Shares,5,"3,99,750.00",Buy,https://nsearchives.nseindia.com/corporate/xbrl/IT_1105071_471605_01072021061327_WEB.xml,01-Jul-2021 18:13
MRF,7(2),Braga Industries LLP,Equity Shares,995,"7,96,28,699.00",Buy,https://nsearchives.nseindia.com/corporate/xbrl/IT_1105066_471583_01072021060930_WEB.xml,01-Jul-2021 18:09
MRF,7(2),Mrs.Soma Philips,Equity Shares,157,"1,25,53,864.00",Sell,https://nsearchives.nseindia.com/corporate/xbrl/IT_1104692_468768_30062021054324_WEB.xml,30-Jun-2021 17:43
MRF,7(2),Mrs.Soma Philips,Equity Shares,"1,125","9,06,66,513.00",Sell,https://nsearchives.nseindia.com/corporate/xbrl/IT_1104690_468734_30062021053708_WEB.xml,30-Jun-2021 17:37
MRF,7(2),Mrs.Soma Philips,Equity Shares,621,"5,01,46,142.00",Sell,https://nsearchives.nseindia.com/corporate/xbrl/IT_1104240_465451_28062021042937_WEB.xml,28-Jun-2021 16:29
MRF,7(2),Mrs.Soma Philips,Equity Shares,97,"78,76,793.00",Sell,https://nsearchives.nseindia.com/corporate/xbrl/IT_1104238_465448_28062021042524_WEB.xml,28-Jun-2021 16:25
MRF,7(2),JCEE MANUFACTURING AND SERVICES PRIVATE LIMITED,Equity Shares,100,"82,01,675.00",Buy,https://nsearchives.nseindia.com/corporate/xbrl/IT_1103862_463435_24062021060027_WEB.xml,24-Jun-2021 18:00
MRF,7(2),PENINSULAR INVESTMENTS PVT LTD,Equity Shares,120,"98,39,335.00",Buy,https://nsearchives.nseindia.com/corporate/xbrl/IT_1103855_463416_24062021054929_WEB.xml,24-Jun-2021 17:49
MRF,7(2),JCEE MANUFACTURING AND SERVICES PRIVATE LIMITED,Equity Shares,500,"4,10,13,438.00",Buy,https://nsearchives.nseindia.com/corporate/xbrl/IT_1103855_463416_24062021054929_WEB.xml,24-Jun-2021 17:49
MRF,7(2),Comprehensive Investment and Finance Company Private Limited,Equity Shares,325,"2,66,41,177.00",Buy,https://nsearchives.nseindia.com/corporate/xbrl/IT_1103855_463416_24062021054929_WEB.xml,24-Jun-2021 17:49
MRF,7(2),Dr. Karun Philip,Equity Shares,2,"1,66,265.00",Pledge,https://nsearchives.nseindia.com/corporate/xbrl/IT_1097490_420115_31032021051249_WEB.xml,31-Mar-2021 17:12
MRF,7(2),Mr.George Mammen,Equity Shares,500,"4,53,21,950.00",Sell,https://nsearchives.nseindia.com/corporate/xbrl/IT_1091776_410992_17022021052410_WEB.xml,17-Feb-2021 17:24
MRF,7(2),Mrs.Shanta Mammen,Equity Shares,500,"4,53,21,950.00",Buy,https://nsearchives.nseindia.com/corporate/xbrl/IT_1091776_410992_17022021052410_WEB.xml,17-Feb-2021 17:24
MRF,7(2),Dr. Karun Philip,Equity Shares,"1,000","6,03,47,000.00",Pledge,https://nsearchives.nseindia.com/corporate/xbrl/IT_1089673_394058_19012021043515_WEB.xml,19-Jan-2021 16:35
MRF,7(2),KARUN PHILIP,Equity Shares,"1,398","10,87,54,614.00",Pledge Revoke,https://nsearchives.nseindia.com/corporate/xbrl/IT_1087838_373178_24122020031254_WEB.xml,24-Dec-2020 15:12
MRF,7(2),USHA EAPEN GEORGE,Equity Shares,33,"25,57,500.00",Sell,https://nsearchives.nseindia.com/corporate/xbrl/IT_1087689_372862_23122020042333_WEB.xml,23-Dec-2020 16:23
MRF,7(2),MR. K S JOSEPH,Equity Shares,22,"17,36,080.00",Sell,https://nsearchives.nseindia.com/corporate/xbrl/IT_1087299_372052_21122020113629_WEB.xml,21-Dec-2020 11:36
MRF,7(2),MR. K S JOSEPH,Equity Shares,400,"3,14,90,340.00",Sell,https://nsearchives.nseindia.com/corporate/xbrl/IT_1086947_371262_17122020050947_WEB.xml,17-Dec-2020 17:09
MRF,7(2),MR. ARJUN JOSEPH,Equity Shares,75,"58,94,850.00",Sell,https://nsearchives.nseindia.com/corporate/xbrl/IT_1086947_371262_17122020050947_WEB.xml,17-Dec-2020 17:09
AARTISURF,7(2),Jaya Chandrakant Gogri,Equity Shares,"4,492",-,Sell,https://nsearchives.nseindia.com/corporate/xbrl/IT_1123228_618166_16032022043016_WEB.xml,16-Mar-2022 16:30
AARTISURF,7(2),Indira Madan Dedhia,Equity Shares,"4,492",-,Buy,https://nsearchives.nseindia.com/corporate/xbrl/IT_1123228_618166_16032022043016_WEB.xml,16-Mar-2022 16:30
AARTISURF,7(2),Jaya Chandrakant Gogri,Equity Shares,"70,000","7,33,97,875.00",Sell,https://nsearchives.nseindia.com/corporate/xbrl/IT_1116403_568071_07122021055033_WEB.xml,07-Dec-2021 17:50
AARTISURF,7(2),Chandrakant V. Gogri,Equity Shares,"1,00,000",-,Sell,https://nsearchives.nseindia.com/corporate/xbrl/IT_1115104_563047_23112021043837_WEB.xml,23-Nov-2021 16:38
AARTISURF,7(2),Chandrakant V. Gogri,Equity Shares,"5,000","67,94,962.00",Sell,https://nsearchives.nseindia.com/corporate/xbrl/IT_1104038_464185_25062021055004_WEB.xml,25-Jun-2021 17:50
AARTISURF,7(2),Jaya Chandrakant Gogri,Equity Shares,"25,000","3,39,74,787.00",Sell,https://nsearchives.nseindia.com/corporate/xbrl/IT_1104038_464185_25062021055004_WEB.xml,25-Jun-2021 17:50
AARTISURF,7(2),Nikhil Holdings Private Limited,Equity Shares,"30,000","4,10,00,857.00",Buy,https://nsearchives.nseindia.com/corporate/xbrl/IT_1104038_464185_25062021055004_WEB.xml,25-Jun-2021 17:50
AARTISURF,7(2),Parimal H. Desai,Equity Shares,"5,000","68,30,872.00",Buy,https://nsearchives.nseindia.com/corporate/xbrl/IT_1104038_464185_25062021055004_WEB.xml,25-Jun-2021 17:50
AARTISURF,7(2),Jaya Chandrakant Gogri,Equity Shares,"3,70,000","46,11,45,514.00",Sell,https://nsearchives.nseindia.com/corporate/xbrl/IT_1100489_452244_27052021110742_WEB.xml,27-May-2021 23:07
AARTISURF,7(2),Nikhil Holdings Private Limited,Equity Shares,"97,500","13,68,69,754.00",Buy,https://nsearchives.nseindia.com/corporate/xbrl/IT_1100489_452244_27052021110742_WEB.xml,27-May-2021 23:07
AARTISURF,7(2),Chandrakant V. Gogri,Equity Shares,"80,000","11,20,89,134.00",Sell,https://nsearchives.nseindia.com/corporate/xbrl/IT_1100489_452244_27052021110742_WEB.xml,27-May-2021 23:07
AARTISURF,7(2),Nikhil Parimal Desai,Equity Shares,"40,000","5,14,77,168.00",Buy,https://nsearchives.nseindia.com/corporate/xbrl/IT_1100489_452244_27052021110742_WEB.xml,27-May-2021 23:07
AARTISURF,7(2),Tarla Desai,Equity Shares,"1,00,000","12,84,78,154.00",Buy,https://nsearchives.nseindia.com/corporate/xbrl/IT_1100489_452244_27052021110742_WEB.xml,27-May-2021 23:07
AARTISURF,7(2),Parimal H. Desai,Equity Shares,"1,01,646","13,98,93,458.00",Buy,https://nsearchives.nseindia.com/corporate/xbrl/IT_1100489_452244_27052021110742_WEB.xml,27-May-2021 23:07
AARTISURF,7(2),Rajendra Vallabhaji Gogri,Equity Shares,"37,060","1,05,25,040.00",Sell,https://nsearchives.nseindia.com/corporate/xbrl/IT_1082218_351118_27102020101205_WEB.xml,27-Oct-2020 22:12
AARTISURF,7(2),Jaya Chandrakant Gogri,Equity Shares,251,"71,284.00",Buy,https://nsearchives.nseindia.com/corporate/xbrl/IT_1082218_351118_27102020101205_WEB.xml,27-Oct-2020 22:12
AARTISURF,7(2),Orchid Family Trust,Equity Shares,"1,39,682","3,96,69,688.00",Sell,https://nsearchives.nseindia.com/corporate/xbrl/IT_1082218_351118_27102020101205_WEB.xml,27-Oct-2020 22:12
AARTISURF,7(2),Tulip Family Trust,Equity Shares,"1,39,473","3,96,10,332.00",Sell,https://nsearchives.nseindia.com/corporate/xbrl/IT_1082218_351118_27102020101205_WEB.xml,27-Oct-2020 22:12
AARTISURF,7(2),Alchemie Finserv Pvt. Ltd.,Equity Shares,"26,410","75,00,440.00",Sell,https://nsearchives.nseindia.com/corporate/xbrl/IT_1082218_351118_27102020101205_WEB.xml,27-Oct-2020 22:12
AARTISURF,7(2),Arti Rajendra Gogri,Equity Shares,"53,425","1,51,72,700.00",Sell,https://nsearchives.nseindia.com/corporate/xbrl/IT_1082218_351118_27102020101205_WEB.xml,27-Oct-2020 22:12
MARUTI,7(2),SUZUKI MOTOR CORPORATION,Equity Shares,"3,45,200","2,95,82,48,499.00",Buy,https://nsearchives.nseindia.com/corporate/xbrl/IT_1142276_802140_14032023105956_WEB.xml,14-Mar-2023 10:59
MARUTI,7(2),SACHIN KUMAR GUPTA,-,-,-,-,https://nsearchives.nseindia.com/corporate/xbrl/IT_1127722_673580_10062022031007_WEB.xml,10-Jun-2022 15:10
MARUTI,7(2),SACHIN KUMAR GUPTA,Equity Shares,60,"4,59,044.00",Buy,https://nsearchives.nseindia.com/corporate/xbrl/IT_1127722_673580_10062022031007_WEB.xml,10-Jun-2022 15:10
MARUTI,7(2),SACHIN KUMAR GUPTA,Equity Shares,80,"6,06,600.00",Sell,https://nsearchives.nseindia.com/corporate/xbrl/IT_1127722_673580_10062022031007_WEB.xml,10-Jun-2022 15:10
MARUTI,7(2),SACHIN KUMAR GUPTA,Equity Shares,80,"6,05,994.00",Buy,https://nsearchives.nseindia.com/corporate/xbrl/IT_1127722_673580_10062022031007_WEB.xml,10-Jun-2022 15:10
MARUTI,7(2),SACHIN KUMAR GUPTA,Equity Shares,210,"16,29,661.00",Sell,https://nsearchives.nseindia.com/corporate/xbrl/IT_1127722_673580_10062022031007_WEB.xml,10-Jun-2022 15:10
MARUTI,7(2),SACHIN KUMAR GUPTA,Equity Shares,210,"16,25,526.00",Buy,https://nsearchives.nseindia.com/corporate/xbrl/IT_1127722_673580_10062022031007_WEB.xml,10-Jun-2022 15:10
MARUTI,7(2),SACHIN KUMAR GUPTA,Equity Shares,514,"38,93,250.00",Sell,https://nsearchives.nseindia.com/corporate/xbrl/IT_1127722_673580_10062022031007_WEB.xml,10-Jun-2022 15:10
MARUTI,7(2),SACHIN KUMAR GUPTA,Equity Shares,514,"39,23,650.00",Buy,https://nsearchives.nseindia.com/corporate/xbrl/IT_1127722_673580_10062022031007_WEB.xml,10-Jun-2022 15:10
MARUTI,7(2),SACHIN KUMAR GUPTA,Equity Shares,60,"4,62,696.00",Sell,https://nsearchives.nseindia.com/corporate/xbrl/IT_1127722_673580_10062022031007_WEB.xml,10-Jun-2022 15:10
MARUTI,7(2),SACHIN KUMAR GUPTA,Equity Shares,60,"4,14,300.00",Buy,https://nsearchives.nseindia.com/corporate/xbrl/IT_1127721_673578_10062022030916_WEB.xml,10-Jun-2022 15:09
MARUTI,7(2),SACHIN KUMAR GUPTA,Equity Shares,587,"40,19,554.00",Sell,https://nsearchives.nseindia.com/corporate/xbrl/IT_1127721_673578_10062022030916_WEB.xml,10-Jun-2022 15:09
MARUTI,7(2),SACHIN KUMAR GUPTA,Equity Shares,587,"40,21,150.00",Buy,https://nsearchives.nseindia.com/corporate/xbrl/IT_1127721_673578_10062022030916_WEB.xml,10-Jun-2022 15:09
MARUTI,7(2),SACHIN KUMAR GUPTA,Equity Shares,60,"4,13,917.00",Sell,https://nsearchives.nseindia.com/corporate/xbrl/IT_1127721_673578_10062022030916_WEB.xml,10-Jun-2022 15:09
MARUTI,7(2),SACHIN KUMAR GUPTA,Equity Shares,40,"2,85,000.00",Sell,https://nsearchives.nseindia.com/corporate/xbrl/IT_1127721_673578_10062022030916_WEB.xml,10-Jun-2022 15:09
MARUTI,7(2),SACHIN KUMAR GUPTA,Equity Shares,40,"2,84,489.00",Buy,https://nsearchives.nseindia.com/corporate/xbrl/IT_1127721_673578_10062022030916_WEB.xml,10-Jun-2022 15:09
MARUTI,7(2),SACHIN KUMAR GUPTA,Equity Shares,120,"8,40,872.00",Sell,https://nsearchives.nseindia.com/corporate/xbrl/IT_1127721_673578_10062022030916_WEB.xml,10-Jun-2022 15:09
MARUTI,7(2),SACHIN KUMAR GUPTA,Equity Shares,120,"8,38,680.00",Buy,https://nsearchives.nseindia.com/corporate/xbrl/IT_1127721_673578_10062022030916_WEB.xml,10-Jun-2022 15:09
MARUTI,7(2),Arihant Kumar Jain,Equity Shares,134,"10,23,559.00",Buy,https://nsearchives.nseindia.com/corporate/xbrl/IT_1127066_671650_02062022115200_WEB.xml,02-Jun-2022 11:52
MARUTI,7(2),Bhaskar Kanathia,Equity Shares,200,"15,31,350.00",Buy,https://nsearchives.nseindia.com/corporate/xbrl/IT_1127066_671650_02062022115200_WEB.xml,02-Jun-2022 11:52
ACE,7(2),Action Construction Equipment Limited Employees Welfare Trust,Equity Shares,"1,000","11,37,520.00",Buy,https://nsearchives.nseindia.com/corporate/xbrl/IT_1178368_1388482_21022025030042_WEB.xml,21-Feb-2025 15:00
ACE,7(2),Action Construction Equipment Limited Employees Welfare Trust,Equity Shares,"2,000","23,30,000.00",Buy,https://nsearchives.nseindia.com/corporate/xbrl/IT_1178031_1387006_18022025015942_WEB.xml,18-Feb-2025 13:59
ACE,7(2),Action Construction Equipment Limited Employees Welfare Trust,Equity Shares,"1,500","17,89,500.00",Buy,https://nsearchives.nseindia.com/corporate/xbrl/IT_1177702_1380972_13022025103724_WEB.xml,13-Feb-2025 10:37
ACE,7(2),Action Construction Equipment Limited Employees Welfare Trust,Equity Shares,"1,000","12,20,991.00",Buy,https://nsearchives.nseindia.com/corporate/xbrl/IT_1173786_1318876_25112024122608_WEB.xml,25-Nov-2024 12:26
ACE,7(2),Action Construction Equipment Limited Employees Welfare Trust,Equity Shares,"3,000","36,64,886.00",Buy,https://nsearchives.nseindia.com/corporate/xbrl/IT_1173564_1317557_20112024043343_WEB.xml,20-Nov-2024 16:33
ACE,7(2),Action Construction Equipment Limited Employees Welfare Trust,Equity Shares,"1,000","12,65,000.00",Buy,https://nsearchives.nseindia.com/corporate/xbrl/IT_1170344_1240570_09092024122304_WEB.xml,09-Sep-2024 12:23
ACE,7(2),Action Construction Equipment Limited Employees Welfare Trust,Equity Shares,500,"6,34,990.00",Buy,https://nsearchives.nseindia.com/corporate/xbrl/IT_1170324_1240238_07092024015821_WEB.xml,07-Sep-2024 13:58
ACE,7(2),Action Construction Equipment Limited Employees Welfare Trust,Equity Shares,"1,000","12,68,000.00",Buy,https://nsearchives.nseindia.com/corporate/xbrl/IT_1169909_1237026_03092024040502_WEB.xml,03-Sep-2024 16:05
ACE,7(2),Action Construction Equipment Limited Employees Welfare Trust,Equity Shares,"1,000","12,65,000.00",Buy,https://nsearchives.nseindia.com/corporate/xbrl/IT_1169599_1234643_30082024103653_WEB.xml,30-Aug-2024 10:36
ACE,7(2),Action Construction Equipment Limited Employees Welfare Trust,Equity Shares,"2,000","25,45,000.00",Buy,https://nsearchives.nseindia.com/corporate/xbrl/IT_1169543_1234159_29082024035804_WEB.xml,29-Aug-2024 15:58
ACE,7(2),Action Construction Equipment Limited Employees Welfare Trust,Equity Shares,"2,200","27,42,000.00",Buy,https://nsearchives.nseindia.com/corporate/xbrl/IT_1168664_1228120_16082024041317_WEB.xml,16-Aug-2024 16:13
ACE,7(2),Action Construction Equipment Limited Employees Welfare Trust,Equity Shares,"2,800","35,67,000.00",Buy,https://nsearchives.nseindia.com/corporate/xbrl/IT_1168567_1225591_14082024040825_WEB.xml,14-Aug-2024 16:08
ACE,7(2),Action Construction Equipment Limited Employees Welfare Trust,Equity Shares,"2,000","25,72,000.00",Buy,https://nsearchives.nseindia.com/corporate/xbrl/IT_1168195_1213879_06082024041317_WEB.xml,06-Aug-2024 16:13
ACE,7(2),Vyom Agarwal,Equity Shares,"2,000","29,71,050.00",Sell,https://nsearchives.nseindia.com/corporate/xbrl/IT_1166833_1162782_25062024053023_WEB.xml,25-Jun-2024 17:30
ACE,7(2),Virender Saroha,Equity Shares,"2,270","33,30,283.00",Sell,https://nsearchives.nseindia.com/corporate/xbrl/IT_1166832_1162778_25062024052959_WEB.xml,25-Jun-2024 17:29
ACE,7(2),Vikas Kanwal,Equity Shares,"1,400","21,00,070.00",Sell,https://nsearchives.nseindia.com/corporate/xbrl/IT_1166831_1162775_25062024052936_WEB.xml,25-Jun-2024 17:29
ACE,7(2),Sorab Agarwal,Equity Shares,"3,00,000","42,66,98,362.00",Sell,https://nsearchives.nseindia.com/corporate/xbrl/IT_1165842_1157382_13062024052257_WEB.xml,13-Jun-2024 17:22
ACE,7(2),Mona Agarwal,Equity Shares,"13,00,000","1,84,47,23,734.00",Sell,https://nsearchives.nseindia.com/corporate/xbrl/IT_1165841_1157380_13062024052235_WEB.xml,13-Jun-2024 17:22
ACE,7(2),Action Construction Equipment Limited Employees Welfare Trust,Equity Shares,"6,500","88,31,936.00",Buy,https://nsearchives.nseindia.com/corporate/xbrl/IT_1165037_1153115_05062024121303_WEB.xml,05-Jun-2024 12:13
ACE,7(2),Action Construction Equipment Limited Employees Welfare Trust,Equity Shares,"1,000","14,00,000.00",Buy,https://nsearchives.nseindia.com/corporate/xbrl/IT_1164888_1152105_03062024044554_WEB.xml,03-Jun-2024 16:45
BBOX,7(2),Essar Steel Metal Trading Limited,Equity Shares,"16,20,000","40,50,00,000.00",Sell,https://nsearchives.nseindia.com/corporate/xbrl/IT_1155457_991066_23112023042127_WEB.xml,23-Nov-2023 16:21
BBOX,7(2),Equinox Realty Holdings Limited,Equity Shares,"16,20,000","40,50,00,000.00",Buy,https://nsearchives.nseindia.com/corporate/xbrl/IT_1155457_991066_23112023042127_WEB.xml,23-Nov-2023 16:21
BBOX,7(2),Essar Steel Metal Trading Limited,Equity Shares,"19,40,000","48,50,00,000.00",Sell,https://nsearchives.nseindia.com/corporate/xbrl/IT_1155068_989673_17112023092242_WEB.xml,17-Nov-2023 21:22
BBOX,7(2),Equinox Realty Holdings Limited,Equity Shares,"19,40,000","48,50,00,000.00",Buy,https://nsearchives.nseindia.com/corporate/xbrl/IT_1155068_989673_17112023092242_WEB.xml,17-Nov-2023 21:22
BBOX,7(2),Deepak Kumar Bansal,Equity Shares,"1,17,425","25,12,895.00",Buy,https://nsearchives.nseindia.com/corporate/xbrl/IT_1131419_707198_24082022050453_WEB.xml,24-Aug-2022 17:04
BBOX,7(2),Jayantha Prabhu,Equity Shares,"49,500","10,59,300.00",Buy,https://nsearchives.nseindia.com/corporate/xbrl/IT_1131419_707198_24082022050453_WEB.xml,24-Aug-2022 17:04
BBOX,7(2),Essar Steel Metal Trading Limited,Equity Shares,"24,94,820","33,68,00,700.00",Buy,https://nsearchives.nseindia.com/corporate/xbrl/IT_1126571_661362_26052022022010_WEB.xml,26-May-2022 14:20
BBOX,7(2),Essar Telecom Limited,Equity Shares,"11,78,595","15,91,10,325.00",Buy,https://nsearchives.nseindia.com/corporate/xbrl/IT_1126571_661362_26052022022010_WEB.xml,26-May-2022 14:20
BBOX,7(2),Jagdeesh Janardan Mhalgi,Equity Shares,837,"7,95,394.00",Sell,https://nsearchives.nseindia.com/corporate/xbrl/IT_1116583_568703_09122021013539_WEB.xml,09-Dec-2021 13:35
BBOX,7(2),Jagdeesh Janardan Mhalgi,Equity Shares,884,"8,52,136.00",Sell,https://nsearchives.nseindia.com/corporate/xbrl/IT_1116583_568703_09122021013539_WEB.xml,09-Dec-2021 13:35
BBOX,7(2),Jagdeesh Janardan Mhalgi,Equity Shares,"1,200","10,71,240.00",Sell,https://nsearchives.nseindia.com/corporate/xbrl/IT_1116241_567231_06122021121756_WEB.xml,06-Dec-2021 12:17
360ONE,7(2),Yatin Shah,Equity Shares,"13,00,000","1,52,10,01,115.00",Sell,https://nsearchives.nseindia.com/corporate/xbrl/IT_1184700_1473525_27062025062202_WEB.xml,27-Jun-2025 18:22
360ONE,7(2),Shilpa Bhagat,Equity Shares,"18,03,284","2,10,99,43,244.00",Sell,https://nsearchives.nseindia.com/corporate/xbrl/IT_1184700_1473525_27062025062202_WEB.xml,27-Jun-2025 18:22
360ONE,7(2),Shilpa Bhagat,Equity Shares,"7,00,000","81,53,95,000.00",Pledge Revoke,https://nsearchives.nseindia.com/corporate/xbrl/IT_1184700_1473525_27062025062202_WEB.xml,27-Jun-2025 18:22
360ONE,7(2),Shilpa Bhagat,Equity Shares,"11,03,284","1,28,51,60,367.00",Pledge Revoke,https://nsearchives.nseindia.com/corporate/xbrl/IT_1184700_1473525_27062025062202_WEB.xml,27-Jun-2025 18:22
360ONE,7(2),Karan Bhagat,Equity Shares,"96,716","11,33,78,675.00",Sell,https://nsearchives.nseindia.com/corporate/xbrl/IT_1184700_1473525_27062025062202_WEB.xml,27-Jun-2025 18:22
360ONE,7(2),Karan Bhagat,Equity Shares,"96,716","11,26,59,633.00",Pledge Revoke,https://nsearchives.nseindia.com/corporate/xbrl/IT_1184700_1473525_27062025062202_WEB.xml,27-Jun-2025 18:22
360ONE,7(2),PARINAZ VAKIL,Equity Shares,"60,000","6,90,00,000.00",Sell,https://nsearchives.nseindia.com/corporate/xbrl/IT_1184433_1470631_24062025092330_WEB.xml,24-Jun-2025 21:23
360ONE,7(2),Amit Garg,Equity Shares,"3,372","38,13,833.00",Sell,https://nsearchives.nseindia.com/corporate/xbrl/IT_1184433_1470631_24062025092330_WEB.xml,24-Jun-2025 21:23
360ONE,7(2),Chetan Naik,Equity Shares,"5,000","58,62,000.00",Sell,https://nsearchives.nseindia.com/corporate/xbrl/IT_1184433_1470631_24062025092330_WEB.xml,24-Jun-2025 21:23
360ONE,7(2),Mehul Jani,Equity Shares,"10,621","1,23,50,311.00",Sell,https://nsearchives.nseindia.com/corporate/xbrl/IT_1184433_1470631_24062025092330_WEB.xml,24-Jun-2025 21:23
360ONE,7(2),Mehul Jani,Equity Shares,"29,924","3,44,93,797.00",Sell,https://nsearchives.nseindia.com/corporate/xbrl/IT_1184433_1470631_24062025092330_WEB.xml,24-Jun-2025 21:23
360ONE,7(2),Yatin Shah,Equity Shares,"1,00,000","11,40,50,000.00",Pledge Revoke,https://nsearchives.nseindia.com/corporate/xbrl/IT_1184137_1468720_19062025091606_WEB.xml,19-Jun-2025 21:16
360ONE,7(2),Naykia  Family Private Trust Trustee 360 ONE Investment Advisers and Trustee Services Ltd,Equity Shares,"10,00,000",-,Buy,https://nsearchives.nseindia.com/corporate/xbrl/IT_1184137_1468720_19062025091606_WEB.xml,19-Jun-2025 21:16
360ONE,7(2),Prakash Shah Family Private Trust Trustee 360 ONE Investment Advisers and Trustee Services Ltd,Equity Shares,"2,00,000",-,Buy,https://nsearchives.nseindia.com/corporate/xbrl/IT_1184137_1468720_19062025091606_WEB.xml,19-Jun-2025 21:16
360ONE,7(2),Yatin Shah,Equity Shares,"10,00,000",-,Sell,https://nsearchives.nseindia.com/corporate/xbrl/IT_1184137_1468720_19062025091606_WEB.xml,19-Jun-2025 21:16
360ONE,7(2),Yatin Shah,Equity Shares,"83,856","9,56,37,768.00",Pledge Revoke,https://nsearchives.nseindia.com/corporate/xbrl/IT_1184137_1468720_19062025091606_WEB.xml,19-Jun-2025 21:16
360ONE,7(2),Yatin Shah,Equity Shares,"2,00,000",-,Sell,https://nsearchives.nseindia.com/corporate/xbrl/IT_1184137_1468720_19062025091606_WEB.xml,19-Jun-2025 21:16
360ONE,7(2),Prakash Chunilal Shah,Equity Shares,"83,856",-,Buy,https://nsearchives.nseindia.com/corporate/xbrl/IT_1184137_1468720_19062025091606_WEB.xml,19-Jun-2025 21:16
360ONE,7(2),Yatin Shah,Equity Shares,"1,00,000",-,Sell,https://nsearchives.nseindia.com/corporate/xbrl/IT_1184137_1468720_19062025091606_WEB.xml,19-Jun-2025 21:16
360ONE,7(2),Yatin Shah,Equity Shares,"83,856",-,Sell,https://nsearchives.nseindia.com/corporate/xbrl/IT_1184137_1468720_19062025091606_WEB.xml,19-Jun-2025 21:16
APOLLO,7(2),KARUNAKAR REDDY BADDAM,Equity Shares,"20,50,000","40,35,01,500.00",Pledge,https://nsearchives.nseindia.com/corporate/xbrl/IT_1183146_1463948_06062025103040_WEB.xml,06-Jun-2025 22:30
APOLLO,7(2),KARUNAKAR REDDY BADDAM,Equity Shares,"50,000","1,01,16,500.00",Pledge,https://nsearchives.nseindia.com/corporate/xbrl/IT_1183146_1463948_06062025103040_WEB.xml,06-Jun-2025 22:30
APOLLO,7(2),KARUNAKAR REDDY BADDAM,Equity Shares,"50,00,000","61,91,00,000.00",Pledge,https://nsearchives.nseindia.com/corporate/xbrl/IT_1181352_1405558_29032025033019_WEB.xml,29-Mar-2025 15:30
APOLLO,7(2),KARUNAKAR REDDY BADDAM,Equity Shares,"15,14,000","16,26,33,880.00",Pledge,https://nsearchives.nseindia.com/corporate/xbrl/IT_1178158_1387528_19022025034707_WEB.xml,19-Feb-2025 15:47
APOLLO,7(2),KARUNAKAR REDDY BADDAM,Equity Shares,"18,12,000","19,46,45,040.00",Pledge,https://nsearchives.nseindia.com/corporate/xbrl/IT_1178158_1387528_19022025034707_WEB.xml,19-Feb-2025 15:47
APOLLO,7(2),KARUNAKAR REDDY BADDAM,Equity Shares,"6,05,000","6,49,89,100.00",Pledge,https://nsearchives.nseindia.com/corporate/xbrl/IT_1178158_1387528_19022025034707_WEB.xml,19-Feb-2025 15:47
APOLLO,7(2),KARUNAKAR REDDY BADDAM,Equity Shares,"65,22,000","81,96,19,740.00",Pledge,https://nsearchives.nseindia.com/corporate/xbrl/IT_1177625_1379054_12022025112559_WEB.xml,12-Feb-2025 11:25
APOLLO,7(2),KARUNAKAR REDDY BADDAM,Equity Shares,"4,30,000","5,40,38,100.00",Pledge,https://nsearchives.nseindia.com/corporate/xbrl/IT_1177625_1379054_12022025112559_WEB.xml,12-Feb-2025 11:25
APOLLO,7(2),KARUNAKAR REDDY BADDAM,Equity Shares,"23,00,000","31,66,64,000.00",Pledge,https://nsearchives.nseindia.com/corporate/xbrl/IT_1176903_1359935_24012025113456_WEB.xml,24-Jan-2025 11:34
APOLLO,7(2),KARUNAKAR REDDY BADDAM,Equity Shares,"68,20,000","88,46,90,400.00",Pledge,https://nsearchives.nseindia.com/corporate/xbrl/IT_1176797_1350250_17012025074921_WEB.xml,17-Jan-2025 19:49
APOLLO,7(2),KARUNAKAR REDDY BADDAM,Equity Shares,"9,37,500","8,57,53,125.00",Pledge,https://nsearchives.nseindia.com/corporate/xbrl/IT_1173738_1318549_22112024062717_WEB.xml,22-Nov-2024 18:27
APOLLO,7(2),KARUNAKAR REDDY BADDAM,Equity Shares,"36,00,000","33,96,24,000.00",Pledge,https://nsearchives.nseindia.com/corporate/xbrl/IT_1173576_1317626_20112024061735_WEB.xml,20-Nov-2024 18:17
APOLLO,7(2),KARUNAKAR REDDY BADDAM,Equity Shares,"20,00,000","18,86,80,000.00",Pledge,https://nsearchives.nseindia.com/corporate/xbrl/IT_1173576_1317626_20112024061735_WEB.xml,20-Nov-2024 18:17
APOLLO,7(2),KARUNAKAR REDDY BADDAM,Equity Shares,"14,20,000","14,49,11,000.00",Pledge,https://nsearchives.nseindia.com/corporate/xbrl/IT_1173022_1300950_08112024121449_WEB.xml,08-Nov-2024 12:14
APOLLO,7(2),KARUNAKAR REDDY BADDAM,Equity Shares,"18,00,000","18,36,90,000.00",Pledge,https://nsearchives.nseindia.com/corporate/xbrl/IT_1173022_1300950_08112024121449_WEB.xml,08-Nov-2024 12:14
APOLLO,7(2),KARUNAKAR REDDY BADDAM,Equity Shares,"13,50,000","13,51,62,000.00",Pledge,https://nsearchives.nseindia.com/corporate/xbrl/IT_1172569_1274377_17102024023631_WEB.xml,17-Oct-2024 14:36
APOLLO,7(2),KARUNAKAR REDDY BADDAM,Equity Shares,"5,30,000","5,31,85,500.00",Pledge,https://nsearchives.nseindia.com/corporate/xbrl/IT_1172565_1274351_17102024022738_WEB.xml,17-Oct-2024 14:27
APOLLO,7(2),KARUNAKAR REDDY BADDAM,Equity Shares,"5,30,000","5,31,85,500.00",Pledge,https://nsearchives.nseindia.com/corporate/xbrl/IT_1172563_1274296_17102024020745_WEB.xml,17-Oct-2024 14:07
APOLLO,7(2),KARUNAKAR REDDY BADDAM,Equity Shares,"1,80,000","1,80,63,000.00",Pledge,https://nsearchives.nseindia.com/corporate/xbrl/IT_1172563_1274296_17102024020745_WEB.xml,17-Oct-2024 14:07
APOLLO,7(2),KARUNAKAR REDDY BADDAM,Equity Shares,"2,70,000","2,70,94,500.00",Pledge,https://nsearchives.nseindia.com/corporate/xbrl/IT_1172563_1274296_17102024020745_WEB.xml,17-Oct-2024 14:07
EXCELLENT,7(2),Ankita Rachit Masalia,Equity Shares,"3,200","1,93,840.00",Buy,https://nsearchives.nseindia.com/corporate/xbrl/IT_1175898_1331550_25122024053458_WEB.xml,25-Dec-2024 17:34
EXCELLENT,7(2),Ankita Rachit Masalia,Equity Shares,"3,200","1,93,840.00",Buy,https://nsearchives.nseindia.com/corporate/xbrl/IT_1175897_1331543_25122024052840_WEB.xml,25-Dec-2024 17:28
EXCELLENT,7(2),Rachit Paresh Masalia,Equity Shares,-,-,-,https://nsearchives.nseindia.com/corporate/xbrl/IT_1171350_1246415_20092024053607_WEB.xml,20-Sep-2024 17:36
EXCELLENT,7(2),Rachit Paresh Masalia,Equity Shares,"40,000","35,69,120.00",Buy,https://nsearchives.nseindia.com/corporate/xbrl/IT_1171350_1246415_20092024053607_WEB.xml,20-Sep-2024 17:36
EXCELLENT,7(2),DARSHIL HASMUKH SHAH,Equity Shares,"44,800","38,19,405.00",Buy,https://nsearchives.nseindia.com/corporate/xbrl/IT_1171347_1246384_20092024052009_WEB.xml,20-Sep-2024 17:20
BGLOBAL,7(2),ARTI BHATIA,Equity Shares,"9,99,875","20,00,000.00",Pledge,-,02-Jan-2018 16:59
BGLOBAL,7(2),ARTI BHATIA,Equity Shares,"4,40,634","26,43,804.00",Pledge,-,09-Nov-2017 17:12
BGLOBAL,7(2),ARTI BHATIA,Equity Shares,"9,24,000","83,16,000.00",Pledge,-,27-Apr-2017 15:05
BGLOBAL,7(2),ARTI BHATIA,Equity Shares,"20,000","1,79,400.00",Buy,-,14-Apr-2017 14:09
BGLOBAL,7(2),GRINDLAY FINMAN PRIVATE LIMITED,Equity Shares,"39,569","4,55,043.50",Sell,-,30-Mar-2017 16:54
BGLOBAL,7(2),GRINDLAY FINMAN PRIVATE LIMITED,Equity Shares,"13,064","1,56,768.00",Sell,-,30-Mar-2017 16:54
BGLOBAL,7(2),Rakesh bhatia,Equity Shares,"4,54,000","49,94,000.00",Pledge,-,29-Mar-2017 18:27
BGLOBAL,7(2),Rakesh bhatia,Equity Shares,"5,00,000",3.15,Pledge,-,27-Mar-2017 15:10
BGLOBAL,7(2),Rakesh bhatia,Equity Shares,"10,00,000","1,00,00,000.00",Pledge,-,24-Mar-2017 18:00
BGLOBAL,7(2),GRINDLAY FINMAN PVT. LTD.,Equity Shares,"40,390",0.25,Sell,-,23-Feb-2017 18:06
BGLOBAL,7(2),GRINDLAY FINMAN PVT. LTD.,Equity Shares,"7,538",0.04,Sell,-,23-Feb-2017 18:06
BGLOBAL,7(2),GRINDLAY FINMAN PVT. LTD.,Equity Shares,"20,359",0.13,Sell,-,23-Feb-2017 18:06
BGLOBAL,7(2),GRINDLAY FINMAN PVT. LTD.,Equity Shares,"22,784","3,21,884.00",Sell,-,18-Feb-2017 17:40
BGLOBAL,7(2),GRINDLAY FINMAN PRIVATE LIMITED,Equity Shares,"30,000","6,54,000.00",Sell,-,30-Jan-2017 18:18
BGLOBAL,7(2),GRINDLAY FINMAN PVT. LTD.,Equity Shares,"32,000","7,08,160.00",Sell,-,30-Jan-2017 18:18
BGLOBAL,7(2),NUMBER ONE FINVEST PVT. LIMITED,Equity Shares,"4,21,500","71,65,500.00",Pledge Revoke,-,27-Jan-2017 16:27
BGLOBAL,7(2),GRINDLAY FINMAN PVT. LTD.,Equity Shares,"3,17,500","53,97,500.00",Pledge Revoke,-,27-Jan-2017 16:15
BGLOBAL,7(2),GRINDLAY FINMAN PVT. LTD.,Equity Shares,"28,500","4,95,900.00",Pledge Invoke,-,27-Jan-2017 12:48
BGLOBAL,7(2),NUMBER ONE FINVEST PVT. LIMITED,Equity Shares,"32,500","5,65,500.00",Pledge Invoke,-,27-Jan-2017 12:48
BGLOBAL,7(2),ARTI BHATIA,Equity Shares,"86,068","3,94,975.52",Buy,-,26-Oct-2016 18:32
CEREBRAINT,7(2),Venkataraman Ranganathan,Equity Shares,"31,00,000","2,87,03,376.00",Sell,https://nsearchives.nseindia.com/corporate/xbrl/IT_1143201_804898_24032023024124_WEB.xml,24-Mar-2023 14:41
CEREBRAINT,7(2),HERMES GLOBAL FUND,Equity Shares,"28,47,411","7,66,04,502.00",Sell,https://nsearchives.nseindia.com/corporate/xbrl/IT_1138011_751699_16122022061552_WEB.xml,16-Dec-2022 18:15
CEREBRAINT,7(2),Venkatraman Ranganathan,Equity Shares,"10,10,414","2,75,33,781.00",Pledge Revoke,https://nsearchives.nseindia.com/corporate/xbrl/IT_1051378_88855_09042019023441_WEB.xml,09-Apr-2019 14:34
CEREBRAINT,7(2),Venkatraman Ranganathan,Equity Shares,"7,00,000","2,80,00,000.00",Buy,https://nsearchives.nseindia.com/corporate/xbrl/IT_1046524_63527_24122018102423_WEB.xml,24-Dec-2018 22:24
CEREBRAINT,7(2),Shridhar Shankar Hegde,Equity Shares,"1,00,000","40,00,000.00",Buy,https://nsearchives.nseindia.com/corporate/xbrl/IT_1046524_63527_24122018102423_WEB.xml,24-Dec-2018 22:24
CEREBRAINT,7(2),Dilipkumar Lakhi,Equity Shares,"14,697","4,72,949.46",Buy,https://nsearchives.nseindia.com/corporate/xbrl/IT_1044721_61139_17112018104459_WEB.xml,17-Nov-2018 10:45
CEREBRAINT,7(2),Dilipkumar Lakhi,Equity Shares,"1,24,262","41,94,833.00",Buy,https://nsearchives.nseindia.com/corporate/xbrl/IT_1044496_58706_12112018053658_WEB.xml,12-Nov-2018 17:36
CEREBRAINT,7(2),Manish G Lakhi,Equity Shares,"75,00,000","23,74,17,450.00",Buy,https://nsearchives.nseindia.com/corporate/xbrl/IT_1042671_40540_29092018033722_WEB.xml,29-Sep-2018 15:37
CEREBRAINT,7(2),Venkatraman Ranganathan,Equity Shares,"10,10,414","6,57,27,430.00",Pledge,https://nsearchives.nseindia.com/corporate/xbrl/IT_1039174_29565_26072018063927_WEB.xml,26-Jul-2018 18:39
CEREBRAINT,7(2),Venkatraman Ranganathan,Equity Shares,"2,00,000","1,15,98,000.00",Buy,-,05-Apr-2018 11:24
CEREBRAINT,7(2),Venkatraman Ranganathan,Equity Shares,"30,897","17,83,066.00",Buy,-,03-Apr-2018 16:22
CEREBRAINT,7(2),Venkatraman Ranganathan,Equity Shares,"50,000","27,97,000.00",Buy,-,30-Mar-2018 16:32
CEREBRAINT,7(2),Venkatraman Ranganathan,Equity Shares,"2,04,031","1,11,91,100.00",Buy,-,28-Mar-2018 18:51
CEREBRAINT,7(2),Venkatraman Ranganathan,Equity Shares,"25,486","12,84,819.00",Buy,-,26-Mar-2018 11:15
CEREBRAINT,7(2),Shridhar Shankar Hegde,Equity Shares,"9,586","4,89,966.00",Buy,-,26-Mar-2018 11:15
CEREBRAINT,7(2),K GURURAJA UPADHYA,Equity Shares,"7,11,796","71,17,960.00",Sell,-,29-Dec-2015 18:16
CEREBRAINT,7(2),P VISHWAMURTHY,Equity Shares,"3,50,000","35,00,000.00",Buy,-,29-Dec-2015 18:16
CEREBRAINT,7(2),BHARATH  PHALANETRA,Equity Shares,"3,61,796","36,17,960.00",Buy,-,29-Dec-2015 18:16
GESHIP,7(2),GOPALI MULJI,Equity Shares,"10,000","25,56,938.00",Sell,https://nsearchives.nseindia.com/corporate/xbrl/IT_1087800_373089_24122020111026_WEB.xml,24-Dec-2020 11:10
GESHIP,7(2),GOPALI MULJI,Equity Shares,"15,000","38,00,578.00",Sell,https://nsearchives.nseindia.com/corporate/xbrl/IT_1087615_372740_23122020103020_WEB.xml,23-Dec-2020 10:30
GESHIP,7(2),GOPALI MULJI,Equity Shares,"10,000","27,19,153.00",Sell,https://nsearchives.nseindia.com/corporate/xbrl/IT_1087291_372032_21122020102642_WEB.xml,21-Dec-2020 10:26
GESHIP,7(2),GOPALI MULJI,Equity Shares,"15,000","41,92,250.00",Sell,https://nsearchives.nseindia.com/corporate/xbrl/IT_1087049_371434_18122020113755_WEB.xml,18-Dec-2020 11:37
GESHIP,7(2),GOPALI MULJI,Equity Shares,"18,000","51,47,834.00",Sell,https://nsearchives.nseindia.com/corporate/xbrl/IT_1086744_370864_16122020111207_WEB.xml,16-Dec-2020 11:12
GESHIP,7(2),GOPALI MULJI,Equity Shares,"56,000","1,62,04,913.00",Sell,https://nsearchives.nseindia.com/corporate/xbrl/IT_1086396_370157_14122020104831_WEB.xml,14-Dec-2020 10:48
GESHIP,7(2),GOPALI MULJI,Equity Shares,"90,000","2,55,13,631.00",Sell,https://nsearchives.nseindia.com/corporate/xbrl/IT_1086057_369510_10122020102215_WEB.xml,10-Dec-2020 10:22
GESHIP,7(2),RAVI K. SHETH,Equity Shares,"3,600","9,18,000.00",Buy,https://nsearchives.nseindia.com/corporate/xbrl/IT_1084763_366922_27112020052910_WEB.xml,27-Nov-2020 17:29
GESHIP,7(2),A H BHIWANDIWALA CONSULTANCY PVT LTD,Equity Shares,"3,600","9,18,000.00",Sell,https://nsearchives.nseindia.com/corporate/xbrl/IT_1084763_366922_27112020052910_WEB.xml,27-Nov-2020 17:29
GESHIP,7(2),GOPALI MULJI,Equity Shares,"1,86,000","4,56,67,073.00",Sell,https://nsearchives.nseindia.com/corporate/xbrl/IT_1083708_364769_19112020122524_WEB.xml,19-Nov-2020 12:25
GESHIP,7(2),RAVI K SHETH,Equity Shares,"51,265",-,Sell,https://nsearchives.nseindia.com/corporate/xbrl/IT_1082988_358301_11112020125028_WEB.xml,11-Nov-2020 12:50
GESHIP,7(2),RAVI K. SHETH,Equity Shares,"51,265",-,Buy,https://nsearchives.nseindia.com/corporate/xbrl/IT_1082988_358301_11112020125028_WEB.xml,11-Nov-2020 12:50
GESHIP,7(2),RAVI K. SHETH,Equity Shares,"1,37,000","2,96,60,630.00",Buy,https://nsearchives.nseindia.com/corporate/xbrl/IT_1074456_270841_29062020034145_WEB.xml,29-Jun-2020 15:41
GESHIP,7(2),BHARAT KANAIYALAL SHETH,Equity Shares,"2,60,000","5,67,84,696.00",Buy,https://nsearchives.nseindia.com/corporate/xbrl/IT_1074456_270841_29062020034145_WEB.xml,29-Jun-2020 15:41
GESHIP,7(2),BHARAT KANAIYALAL SHETH,Equity Shares,"1,40,000","3,02,95,858.00",Buy,https://nsearchives.nseindia.com/corporate/xbrl/IT_1074456_270841_29062020034145_WEB.xml,29-Jun-2020 15:41
GESHIP,7(2),RAVI K. SHETH,Equity Shares,"2,60,000","5,68,11,452.00",Buy,https://nsearchives.nseindia.com/corporate/xbrl/IT_1074456_270841_29062020034145_WEB.xml,29-Jun-2020 15:41
GESHIP,7(2),RAVI K. SHETH,Equity Shares,500,"1,05,244.00",Buy,https://nsearchives.nseindia.com/corporate/xbrl/IT_1073649_265891_17062020124219_WEB.xml,17-Jun-2020 12:42
GESHIP,7(2),RAVI K. SHETH,Equity Shares,"2,500","5,26,879.00",Buy,https://nsearchives.nseindia.com/corporate/xbrl/IT_1073649_265891_17062020124219_WEB.xml,17-Jun-2020 12:42
GESHIP,7(2),RAVI K. SHETH,Equity Shares,"21,000","42,16,769.00",Buy,https://nsearchives.nseindia.com/corporate/xbrl/IT_1073084_263610_05062020120314_WEB.xml,05-Jun-2020 12:03
GESHIP,7(2),RAVI K. SHETH,Equity Shares,100,"18,571.00",Buy,https://nsearchives.nseindia.com/corporate/xbrl/IT_1071347_234958_01042020010200_WEB.xml,01-Apr-2020 13:02
IRB,7(2),IRB Holding Private Limited (Formerly known as Mhaiskar Ventures Private Limited),Equity Shares,"50,00,000","15,79,50,000.00",Buy,https://nsearchives.nseindia.com/corporate/xbrl/IT_1153147_934300_25092023065428_WEB.xml,25-Sep-2023 18:54
IRB,7(2),IRB Holding Private Limited (Formerly known as Mhaiskar Ventures Private Limited),Equity Shares,"59,80,000","18,98,05,200.00",Buy,https://nsearchives.nseindia.com/corporate/xbrl/IT_1153147_934300_25092023065428_WEB.xml,25-Sep-2023 18:54
IRB,7(2),Sudha D. Mhaiskar,Equity Shares,"5,00,000","1,45,81,215.00",Buy,https://nsearchives.nseindia.com/corporate/xbrl/IT_1146388_863129_07062023030542_WEB.xml,07-Jun-2023 15:05
IRB,7(2),Aryan Mhaiskar,Equity Shares,"5,000","11,20,229.00",Buy,https://nsearchives.nseindia.com/corporate/xbrl/IT_1133828_713994_23092022061904_WEB.xml,23-Sep-2022 18:19
IRB,7(2),Virendra D. Mhaiskar,Equity Shares,"3,55,000","7,92,96,954.00",Buy,https://nsearchives.nseindia.com/corporate/xbrl/IT_1127122_671820_02062022075521_WEB.xml,02-Jun-2022 19:55
IRB,7(2),Virendra D. Mhaiskar,Equity Shares,"84,887","1,90,28,270.00",Buy,https://nsearchives.nseindia.com/corporate/xbrl/IT_1127032_671500_01062022062420_WEB.xml,01-Jun-2022 18:24
IRB,7(2),Virendra D. Mhaiskar,Equity Shares,"1,40,113","3,21,35,511.00",Buy,https://nsearchives.nseindia.com/corporate/xbrl/IT_1126754_664961_28052022020424_WEB.xml,28-May-2022 14:04
IRB,7(2),Virendra D. Mhaiskar,Equity Shares,"3,35,250","7,73,35,470.00",Buy,https://nsearchives.nseindia.com/corporate/xbrl/IT_1126636_662168_26052022072711_WEB.xml,26-May-2022 19:27
IRB,7(2),Virendra D. Mhaiskar,Equity Shares,"1,64,750","3,89,38,663.00",Buy,https://nsearchives.nseindia.com/corporate/xbrl/IT_1126533_660823_25052022070304_WEB.xml,25-May-2022 19:03
IRB,7(2),Renu Yadav,Equity Shares,"1,500","3,06,000.00",Buy,https://nsearchives.nseindia.com/corporate/xbrl/IT_1119097_575899_04012022060335_WEB.xml,04-Jan-2022 18:03
IRB,7(2),IRB Holding Private Limited (Formerly known as Mhaiskar Ventures Private Limited),Equity Shares,"4,10,65,200","9,16,57,52,640.00",Pledge,https://nsearchives.nseindia.com/corporate/xbrl/IT_1118798_574626_31122021050918_WEB.xml,31-Dec-2021 17:09
IRB,7(2),IRB Holding Private Limited (Formerly known as Mhaiskar Ventures Private Limited),Equity Shares,"6,03,90,000","13,47,90,48,000.00",Pledge,https://nsearchives.nseindia.com/corporate/xbrl/IT_1118798_574626_31122021050918_WEB.xml,31-Dec-2021 17:09
IRB,7(2),IRB Holding Private Limited (Formerly known as Mhaiskar Ventures Private Limited),Equity Shares,"3,51,45,000","7,84,43,64,000.00",Pledge Revoke,https://nsearchives.nseindia.com/corporate/xbrl/IT_1118790_574616_31122021050149_WEB.xml,31-Dec-2021 17:01
IRB,7(2),Dattatray P Mhaiskar,Equity Shares,"1,25,000","1,38,51,250.00",Pledge Invoke,https://nsearchives.nseindia.com/corporate/xbrl/IT_1100854_454271_01062021041945_WEB.xml,01-Jun-2021 16:19
IRB,7(2),Dattatray P Mhaiskar,Equity Shares,"1,19,000","1,27,82,980.00",Pledge Invoke,https://nsearchives.nseindia.com/corporate/xbrl/IT_1100854_454271_01062021041945_WEB.xml,01-Jun-2021 16:19
IRB,7(2),Dattatray P Mhaiskar,Equity Shares,"1,50,000","1,63,90,500.00",Pledge Invoke,https://nsearchives.nseindia.com/corporate/xbrl/IT_1100854_454271_01062021041945_WEB.xml,01-Jun-2021 16:19
IRB,7(2),Dattatray P Mhaiskar,Equity Shares,"1,06,000","1,17,34,200.00",Pledge Invoke,https://nsearchives.nseindia.com/corporate/xbrl/IT_1100854_454271_01062021041945_WEB.xml,01-Jun-2021 16:19
IRB,7(2),Virendra D. Mhaiskar,Equity Shares,"2,00,000","2,27,22,221.00",Buy,https://nsearchives.nseindia.com/corporate/xbrl/IT_1081168_324316_30092020063325_WEB.xml,30-Sep-2020 18:33
IRB,7(2),Virendra D. Mhaiskar,Equity Shares,"25,00,000","28,56,10,116.00",Buy,https://nsearchives.nseindia.com/corporate/xbrl/IT_1080979_323444_29092020054228_WEB.xml,29-Sep-2020 17:42
IRB,7(2),Virendra D. Mhaiskar,Equity Shares,"3,60,000","4,58,02,823.00",Buy,https://nsearchives.nseindia.com/corporate/xbrl/IT_1078662_314514_08092020031327_WEB.xml,08-Sep-2020 15:13
APOLLO,7(2),KARUNAKAR REDDY BADDAM,Equity Shares,"3,00,000","3,01,05,000.00",Pledge,https://nsearchives.nseindia.com/corporate/xbrl/IT_1172563_1274296_17102024020745_WEB.xml,17-Oct-2024 14:07
KOPRAN,7(2),Mridula Somani,Equity Shares,"17,64,750",-,Buy,https://nsearchives.nseindia.com/corporate/xbrl/IT_1176603_1339660_08012025045203_WEB.xml,08-Jan-2025 16:52
KOPRAN,7(2),Mridula Somani,Equity Shares,"17,64,750",-,Buy,https://nsearchives.nseindia.com/corporate/xbrl/IT_1175560_1329451_20122024041245_WEB.xml,20-Dec-2024 16:12
KOPRAN,7(2),Mridula Somani,Equity Shares,"2,89,000",-,Buy,https://nsearchives.nseindia.com/corporate/xbrl/IT_1146133_862217_05062023120630_WEB.xml,05-Jun-2023 12:06
KOPRAN,7(2),Surendra Somani,Equity Shares,"28,500","30,76,005.00",Buy,https://nsearchives.nseindia.com/corporate/xbrl/IT_1144169_808195_03042023023232_WEB.xml,03-Apr-2023 14:32
KOPRAN,7(2),Surendra Somani,Equity Shares,"65,500","70,13,740.00",Buy,https://nsearchives.nseindia.com/corporate/xbrl/IT_1144163_808176_03042023022619_WEB.xml,03-Apr-2023 14:26
KOPRAN,7(2),Mridula Somani,Equity Shares,"2,70,500",-,Buy,https://nsearchives.nseindia.com/corporate/xbrl/IT_1139873_780423_30012023025412_WEB.xml,30-Jan-2023 14:54
KOPRAN,7(2),HAZARIMALL SOMANI,Equity Shares,"11,000","14,85,660.00",Buy,https://nsearchives.nseindia.com/corporate/xbrl/IT_1135988_747008_22112022104848_WEB.xml,22-Nov-2022 10:48
KOPRAN,7(2),HAZARIMALL SOMANI,Equity Shares,"10,000","14,92,000.00",Buy,https://nsearchives.nseindia.com/corporate/xbrl/IT_1135731_746425_17112022044425_WEB.xml,17-Nov-2022 16:44
KOPRAN,7(2),Oricon Enterprises Limited,Equity Shares,"59,61,758",-,Buy,-,20-Apr-2018 14:23
KOPRAN,7(2),Oricon Properties Private Limited,Equity Shares,"21,50,000","14,19,00,000.00",Buy,-,09-May-2016 18:40
360ONE,7(2),Mehul Jani,Equity Shares,"19,379","2,28,07,133.00",Sell,https://nsearchives.nseindia.com/corporate/xbrl/IT_1184884_1475325_30062025100839_WEB.xml,30-Jun-2025 22:08
360ONE,7(2),Himadri Chatterjee,Equity Shares,"61,169","7,34,45,447.00",Sell,https://nsearchives.nseindia.com/corporate/xbrl/IT_1184884_1475325_30062025100839_WEB.xml,30-Jun-2025 22:08
360ONE,7(2),Himadri Chatterjee,Equity Shares,"83,112","9,98,34,262.00",Sell,https://nsearchives.nseindia.com/corporate/xbrl/IT_1184884_1475325_30062025100839_WEB.xml,30-Jun-2025 22:08
360ONE,7(2),Pankaj Fitkariwala,Equity Shares,"7,074","84,81,000.00",Sell,https://nsearchives.nseindia.com/corporate/xbrl/IT_1184884_1475325_30062025100839_WEB.xml,30-Jun-2025 22:08
360ONE,7(2),Anup Maheshwari,Equity Shares,"40,000","4,78,50,411.00",Sell,https://nsearchives.nseindia.com/corporate/xbrl/IT_1184884_1475325_30062025100839_WEB.xml,30-Jun-2025 22:08
360ONE,7(2),Jay Gandhi,Equity Shares,"1,000","11,61,635.00",Sell,https://nsearchives.nseindia.com/corporate/xbrl/IT_1184884_1475325_30062025100839_WEB.xml,30-Jun-2025 22:08
360ONE,7(2),Atul Shah,Equity Shares,"1,000","12,00,000.00",Sell,https://nsearchives.nseindia.com/corporate/xbrl/IT_1184978_1476111_01072025084320_WEB.xml,01-Jul-2025 20:43
360ONE,7(2),Nikunj Kedia,Equity Shares,"20,000","2,38,91,724.00",Sell,https://nsearchives.nseindia.com/corporate/xbrl/IT_1184978_1476111_01072025084320_WEB.xml,01-Jul-2025 20:43
360ONE,7(2),Vipul Gala,Equity Shares,"1,428","16,33,916.00",Sell,https://nsearchives.nseindia.com/corporate/xbrl/IT_1184978_1476111_01072025084320_WEB.xml,01-Jul-2025 20:43
360ONE,7(2),Chetan Naik,Equity Shares,"2,000","24,00,500.00",Sell,https://nsearchives.nseindia.com/corporate/xbrl/IT_1184978_1476111_01072025084320_WEB.xml,01-Jul-2025 20:43
360ONE,7(2),Japhia Walker,Equity Shares,"7,000","83,65,000.00",Sell,https://nsearchives.nseindia.com/corporate/xbrl/IT_1185065_1476642_02072025080925_WEB.xml,02-Jul-2025 20:09
360ONE,7(2),RONAK RAMESH SHETH,Equity Shares,"5,000","60,10,000.00",Sell,https://nsearchives.nseindia.com/corporate/xbrl/IT_1185065_1476642_02072025080925_WEB.xml,02-Jul-2025 20:09
360ONE,7(2),Nikunj Kedia,Equity Shares,"10,000","1,20,00,000.00",Sell,https://nsearchives.nseindia.com/corporate/xbrl/IT_1185103_1477035_03072025073809_WEB.xml,03-Jul-2025 19:38
ABCAPITAL,7(2),Birla Group Holdings Private Limited,Equity Shares,"3,74,44,766",-,Buy,https://nsearchives.nseindia.com/corporate/xbrl/IT_1164649_1145923_29052024084258_WEB.xml,29-May-2024 20:42
ABCAPITAL,7(2),Mukesh Malik,Equity Shares,"50,900","91,53,857.00",Sell,https://nsearchives.nseindia.com/corporate/xbrl/IT_1154007_940774_05102023042458_WEB.xml,05-Oct-2023 16:24
ABCAPITAL,7(2),SANDEEP VASANT DADIA,Equity Shares,"3,50,000","6,16,90,860.00",Sell,https://nsearchives.nseindia.com/corporate/xbrl/IT_1153580_937063_29092023051634_WEB.xml,29-Sep-2023 17:16
ABCAPITAL,7(2),Ajay Prabhu,Equity Shares,"10,000","17,63,070.00",Sell,https://nsearchives.nseindia.com/corporate/xbrl/IT_1153580_937063_29092023051634_WEB.xml,29-Sep-2023 17:16
ABCAPITAL,7(2),TUSHAR HARENDRA SHAH,Equity Shares,"75,000","86,25,000.00",Buy,https://nsearchives.nseindia.com/corporate/xbrl/IT_1153180_934604_26092023040249_WEB.xml,26-Sep-2023 16:02
ABCAPITAL,7(2),JAYESH LALITKUMAR SHAH,Equity Shares,"4,848","5,57,520.00",Buy,https://nsearchives.nseindia.com/corporate/xbrl/IT_1153180_934604_26092023040249_WEB.xml,26-Sep-2023 16:02
ABCAPITAL,7(2),JAYESH LALITKUMAR SHAH,Equity Shares,"4,324","4,97,260.00",Buy,https://nsearchives.nseindia.com/corporate/xbrl/IT_1153180_934604_26092023040249_WEB.xml,26-Sep-2023 16:02
ABCAPITAL,7(2),GANESH M KOTIAN,Equity Shares,"3,500","4,02,500.00",Buy,https://nsearchives.nseindia.com/corporate/xbrl/IT_1153180_934604_26092023040249_WEB.xml,26-Sep-2023 16:02
ABCAPITAL,7(2),GANESH M KOTIAN,Equity Shares,"4,000","4,60,000.00",Buy,https://nsearchives.nseindia.com/corporate/xbrl/IT_1153180_934604_26092023040249_WEB.xml,26-Sep-2023 16:02
ABCAPITAL,7(2),SANDESH NANDKUMAR JOSHI,Equity Shares,500,"57,500.00",Buy,https://nsearchives.nseindia.com/corporate/xbrl/IT_1153180_934604_26092023040249_WEB.xml,26-Sep-2023 16:02
ABCAPITAL,7(2),SANTANU MIHIR BASU,Equity Shares,"10,320","11,86,800.00",Buy,https://nsearchives.nseindia.com/corporate/xbrl/IT_1153180_934604_26092023040249_WEB.xml,26-Sep-2023 16:02
ABCAPITAL,7(2),KRISHNANRAKESH KUMAR,Equity Shares,"10,320","11,86,800.00",Buy,https://nsearchives.nseindia.com/corporate/xbrl/IT_1153180_934604_26092023040249_WEB.xml,26-Sep-2023 16:02
ABCAPITAL,7(2),ARNAB BASU,Equity Shares,"25,199","28,97,885.00",Buy,https://nsearchives.nseindia.com/corporate/xbrl/IT_1153180_934604_26092023040249_WEB.xml,26-Sep-2023 16:02
ABCAPITAL,7(2),SUJATHA SUDHEENDRA,Equity Shares,"15,480","17,80,200.00",Buy,https://nsearchives.nseindia.com/corporate/xbrl/IT_1153180_934604_26092023040249_WEB.xml,26-Sep-2023 16:02
ABCAPITAL,7(2),RAJESH GOVINDANKUTTY,Equity Shares,"7,000","8,05,000.00",Buy,https://nsearchives.nseindia.com/corporate/xbrl/IT_1153180_934604_26092023040249_WEB.xml,26-Sep-2023 16:02
ABCAPITAL,7(2),Mukesh Malik,Equity Shares,"20,000","36,31,800.00",Sell,https://nsearchives.nseindia.com/corporate/xbrl/IT_1152412_930879_14092023053939_WEB.xml,14-Sep-2023 17:39
ABCAPITAL,7(2),Mukesh Malik,Equity Shares,"30,000","57,05,700.00",Sell,https://nsearchives.nseindia.com/corporate/xbrl/IT_1152151_930051_12092023050150_WEB.xml,12-Sep-2023 17:01
ABCAPITAL,7(2),Mukesh Malik,Equity Shares,"40,000","75,95,600.00",Sell,https://nsearchives.nseindia.com/corporate/xbrl/IT_1152151_930051_12092023050150_WEB.xml,12-Sep-2023 17:01
ABCAPITAL,7(2),A Balasubramanian,Equity Shares,"50,000","93,53,405.00",Sell,https://nsearchives.nseindia.com/corporate/xbrl/IT_1152149_930041_12092023044523_WEB.xml,12-Sep-2023 16:45
ABCAPITAL,7(2),Mukesh Malik,Equity Shares,"20,000","37,38,000.00",Sell,https://nsearchives.nseindia.com/corporate/xbrl/IT_1152149_930041_12092023044523_WEB.xml,12-Sep-2023 16:45
AETHER,7(2),Purnima Ashwin Desai,Equity Shares,"89,79,173","6,56,27,34,989.00",Sell,https://nsearchives.nseindia.com/corporate/xbrl/IT_1182138_1440062_15052025062442_WEB.xml,15-May-2025 18:24
AETHER,7(2),Faiz Arif Nagariya,Equity Shares,545,"3,96,215.00",Buy,https://nsearchives.nseindia.com/corporate/xbrl/IT_1182138_1440062_15052025062442_WEB.xml,15-May-2025 18:24
AETHER,7(2),James William Ringer,Equity Shares,"3,115",-,Buy,https://nsearchives.nseindia.com/corporate/xbrl/IT_1177076_1365632_30012025013910_WEB.xml,30-Jan-2025 13:39
AETHER,7(2),Raymond Paul Roach,Equity Shares,"4,154","13,33,434.00",Buy,https://nsearchives.nseindia.com/corporate/xbrl/IT_1176554_1338041_06012025045354_WEB.xml,06-Jan-2025 16:53
AETHER,7(2),Faiz Arif Nagariya,Equity Shares,"1,168","3,74,928.00",Buy,https://nsearchives.nseindia.com/corporate/xbrl/IT_1173661_1318149_21112024091958_WEB.xml,21-Nov-2024 21:19
AETHER,7(2),Chitrarth Rajan Parghi,Equity Shares,146,"46,866.00",Buy,https://nsearchives.nseindia.com/corporate/xbrl/IT_1173661_1318149_21112024091958_WEB.xml,21-Nov-2024 21:19
AETHER,7(2),James William Ringer,Equity Shares,"3,115",-,Buy,https://nsearchives.nseindia.com/corporate/xbrl/IT_1170864_1243847_16092024040346_WEB.xml,16-Sep-2024 16:03
AETHER,7(2),Raymond Paul Roach,Equity Shares,"4,154",-,Buy,https://nsearchives.nseindia.com/corporate/xbrl/IT_1170864_1243847_16092024040346_WEB.xml,16-Sep-2024 16:03
AETHER,7(2),Faiz Arif Nagariya,Equity Shares,"1,168","3,74,928.00",Buy,https://nsearchives.nseindia.com/corporate/xbrl/IT_1155124_989896_20112023123350_WEB.xml,20-Nov-2023 12:33
AETHER,7(2),Chitrarth Rajan Parghi,Equity Shares,146,"46,866.00",Buy,https://nsearchives.nseindia.com/corporate/xbrl/IT_1155124_989896_20112023123350_WEB.xml,20-Nov-2023 12:33
AETHER,7(3),Faiz Arif Nagariya,Equity Shares,"1,168","3,74,928.00",Buy,https://nsearchives.nseindia.com/corporate/xbrl/IT_1135913_746806_21112022102749_WEB.xml,21-Nov-2022 10:27
AETHER,7(3),Chitrarth Rajan Parghi,Equity Shares,146,"46,866.00",Buy,https://nsearchives.nseindia.com/corporate/xbrl/IT_1135913_746806_21112022102749_WEB.xml,21-Nov-2022 10:27
ARVSMART,7(2),Kamal Singal,Equity Shares,"5,00,000","11,42,50,000.00",Sell,https://nsearchives.nseindia.com/corporate/xbrl/IT_1132530_710335_08092022041843_WEB.xml,08-Sep-2022 16:18
ARVSMART,7(2),Kamal Singal,Equity Shares,"1,00,000","2,28,50,038.00",Sell,https://nsearchives.nseindia.com/corporate/xbrl/IT_1132530_710335_08092022041843_WEB.xml,08-Sep-2022 16:18
ARVSMART,7(2),Lalbhai Realty Finance Private Limited,Equity Shares,"45,500","75,07,500.00",Pledge Revoke,https://nsearchives.nseindia.com/corporate/xbrl/IT_1129081_677131_27062022065738_WEB.xml,27-Jun-2022 18:57
ARVSMART,7(2),Kamal Singal,Equity Shares,"52,729","21,75,071.00",Buy,https://nsearchives.nseindia.com/corporate/xbrl/IT_1122332_615901_07032022120542_WEB.xml,07-Mar-2022 12:05
ARVSMART,7(2),Manoj Gangadhar Chellani,Equity Shares,"1,350","3,33,348.00",Buy,https://nsearchives.nseindia.com/corporate/xbrl/IT_1120309_605722_09022022074810_WEB.xml,09-Feb-2022 19:48
ARVSMART,7(2),Manoj Gangadhar Chellani,Equity Shares,550,"1,25,444.00",Buy,https://nsearchives.nseindia.com/corporate/xbrl/IT_1120309_605722_09022022074810_WEB.xml,09-Feb-2022 19:48
ARVSMART,7(2),Manoj Gangadhar Chellani,Equity Shares,697,"1,58,888.00",Buy,https://nsearchives.nseindia.com/corporate/xbrl/IT_1120309_605722_09022022074810_WEB.xml,09-Feb-2022 19:48
ARVSMART,7(2),Manoj Gangadhar Chellani,Equity Shares,"1,700","4,05,807.00",Buy,https://nsearchives.nseindia.com/corporate/xbrl/IT_1120309_605722_09022022074810_WEB.xml,09-Feb-2022 19:48
ARVSMART,7(2),Manoj Gangadhar Chellani,Equity Shares,510,"1,07,021.00",Buy,https://nsearchives.nseindia.com/corporate/xbrl/IT_1118860_574825_01012022022128_WEB.xml,01-Jan-2022 14:21
ARVSMART,7(2),Manoj Gangadhar Chellani,Equity Shares,"7,264","15,55,279.00",Buy,https://nsearchives.nseindia.com/corporate/xbrl/IT_1118860_574825_01012022022128_WEB.xml,01-Jan-2022 14:21
ARVSMART,7(2),AURA BUSINESS VENTURES LLP,Equity Shares,"16,00,000","19,84,00,000.00",Buy,https://nsearchives.nseindia.com/corporate/xbrl/IT_1113321_536333_18102021053545_WEB.xml,18-Oct-2021 17:35
ARVSMART,7(2),AURA MERCHANDISE PRIVATE LIMITED,Equity Shares,"12,22,500","15,15,90,000.00",Buy,https://nsearchives.nseindia.com/corporate/xbrl/IT_1113321_536333_18102021053545_WEB.xml,18-Oct-2021 17:35
ARVSMART,7(2),Arvind Farms Pvt. Ltd.,Equity Shares,"7,000","9,04,080.00",Sell,https://nsearchives.nseindia.com/corporate/xbrl/IT_1087152_371618_18122020051842_WEB.xml,18-Dec-2020 17:18
ARVSMART,7(2),Amardeep Holdings Private Limited,Equity Shares,"54,365","54,39,288.00",Sell,https://nsearchives.nseindia.com/corporate/xbrl/IT_1086596_370572_15122020125035_WEB.xml,15-Dec-2020 12:50
ARVSMART,7(2),Amardeep Holdings Private Limited,Equity Shares,"39,750","38,44,643.00",Sell,https://nsearchives.nseindia.com/corporate/xbrl/IT_1086239_369852_11122020021845_WEB.xml,11-Dec-2020 14:18
ARVSMART,7(2),Amardeep Holdings Private Limited,Equity Shares,"3,310","3,26,125.00",Sell,https://nsearchives.nseindia.com/corporate/xbrl/IT_1086239_369852_11122020021845_WEB.xml,11-Dec-2020 14:18
ARVSMART,7(2),ANAMIKA SAMVEG LALBHAI,Equity Shares,"4,003","3,91,113.00",Sell,https://nsearchives.nseindia.com/corporate/xbrl/IT_1085781_369021_08122020035258_WEB.xml,08-Dec-2020 15:52
ARVSMART,7(2),Samvegbhai Arvindbhai Lalbhai,Equity Shares,"11,294","11,01,011.00",Sell,https://nsearchives.nseindia.com/corporate/xbrl/IT_1085781_369021_08122020035258_WEB.xml,08-Dec-2020 15:52
ARVSMART,7(2),SAUMYA SAMVEGBHAI LALBHAI,Equity Shares,"4,665","4,59,577.00",Sell,https://nsearchives.nseindia.com/corporate/xbrl/IT_1085781_369021_08122020035258_WEB.xml,08-Dec-2020 15:52
ARVSMART,7(2),ADORE INVESTMENTS PVT.LTD,Equity Shares,"13,229","13,02,922.00",Sell,https://nsearchives.nseindia.com/corporate/xbrl/IT_1085781_369021_08122020035258_WEB.xml,08-Dec-2020 15:52
BAJAJHLDNG,7(2),RAJIV TRUST,Equity Shares,"40,55,137",-,Sell,https://nsearchives.nseindia.com/corporate/xbrl/IT_1185153_1477550_04072025073039_WEB.xml,04-Jul-2025 19:30
BAJAJHLDNG,7(2),RAJIV TRUST,Equity Shares,"40,55,137",-,Buy,https://nsearchives.nseindia.com/corporate/xbrl/IT_1185153_1477550_04072025073039_WEB.xml,04-Jul-2025 19:30
BAJAJHLDNG,7(2),NIRAV TRUST,Equity Shares,"53,78,257",-,Sell,https://nsearchives.nseindia.com/corporate/xbrl/IT_1185151_1477544_04072025072758_WEB.xml,04-Jul-2025 19:27
BAJAJHLDNG,7(2),NIRAV TRUST,Equity Shares,"53,78,257",-,Buy,https://nsearchives.nseindia.com/corporate/xbrl/IT_1185151_1477544_04072025072758_WEB.xml,04-Jul-2025 19:27
BAJAJHLDNG,7(2),RAJIV TRUST,Equity Shares,"40,55,137",-,Sell,https://nsearchives.nseindia.com/corporate/xbrl/IT_1185149_1477540_04072025072429_WEB.xml,04-Jul-2025 19:24
BAJAJHLDNG,7(2),Kumud Bajaj,Equity Shares,"1,000",-,Buy,https://nsearchives.nseindia.com/corporate/xbrl/IT_1184110_1468588_19062025055540_WEB.xml,19-Jun-2025 17:55
BAJAJHLDNG,7(2),Late Madhur Bajaj,Equity Shares,"1,000",-,Sell,https://nsearchives.nseindia.com/corporate/xbrl/IT_1184110_1468588_19062025055540_WEB.xml,19-Jun-2025 17:55
BAJAJHLDNG,7(2),Manish Kejriwal,Equity Shares,"1,000","1,12,97,850.00",Buy,https://nsearchives.nseindia.com/corporate/xbrl/IT_1176990_1362770_28012025011339_WEB.xml,28-Jan-2025 13:13
BAJAJHLDNG,7(2),Sunaina Kejriwal,Equity Shares,"1,000","1,12,97,850.00",Sell,https://nsearchives.nseindia.com/corporate/xbrl/IT_1176990_1362770_28012025011339_WEB.xml,28-Jan-2025 13:13
BAJAJHLDNG,7(2),Siddhantnayan Bajaj,Equity Shares,200,"13,96,610.00",Buy,https://nsearchives.nseindia.com/corporate/xbrl/IT_1147816_868907_23062023045441_WEB.xml,23-Jun-2023 16:54
BAJAJHLDNG,7(2),Estate of Rahulkumar Bajaj,Equity Shares,"1,000","69,83,050.00",Sell,https://nsearchives.nseindia.com/corporate/xbrl/IT_1147816_868907_23062023045441_WEB.xml,23-Jun-2023 16:54
BAJAJHLDNG,7(2),Rishabnayan Bajaj,Equity Shares,200,"13,96,610.00",Buy,https://nsearchives.nseindia.com/corporate/xbrl/IT_1147816_868907_23062023045441_WEB.xml,23-Jun-2023 16:54
BAJAJHLDNG,7(2),Nirvaan Kejriwal (Minor),Equity Shares,200,"13,96,610.00",Buy,https://nsearchives.nseindia.com/corporate/xbrl/IT_1147816_868907_23062023045441_WEB.xml,23-Jun-2023 16:54
BAJAJHLDNG,7(2),Aryaman Kejriwal,Equity Shares,200,"13,96,610.00",Buy,https://nsearchives.nseindia.com/corporate/xbrl/IT_1147816_868907_23062023045441_WEB.xml,23-Jun-2023 16:54
BAJAJHLDNG,7(2),Sanjali Bajaj,Equity Shares,200,"13,96,610.00",Buy,https://nsearchives.nseindia.com/corporate/xbrl/IT_1147816_868907_23062023045441_WEB.xml,23-Jun-2023 16:54
BAJAJHLDNG,7(2),Hercules Hoists Limited,Equity Shares,"3,500","2,11,89,475.00",Buy,https://nsearchives.nseindia.com/corporate/xbrl/IT_1144104_807928_01042023041655_WEB.xml,01-Apr-2023 16:16
BAJAJHLDNG,7(2),Hercules Hoists Limited,Equity Shares,"4,829","2,92,16,189.00",Buy,https://nsearchives.nseindia.com/corporate/xbrl/IT_1143917_807108_30032023061658_WEB.xml,30-Mar-2023 18:16
BAJAJHLDNG,7(2),Hercules Hoists Limited,Equity Shares,"16,576","10,01,89,463.00",Buy,https://nsearchives.nseindia.com/corporate/xbrl/IT_1143566_806126_28032023062305_WEB.xml,28-Mar-2023 18:23
BAJAJHLDNG,7(2),Hercules Hoists Limited,Equity Shares,"4,643","2,80,50,435.00",Buy,https://nsearchives.nseindia.com/corporate/xbrl/IT_1143566_806126_28032023062305_WEB.xml,28-Mar-2023 18:23
BAJAJHLDNG,7(2),Hercules Hoists Limited,Equity Shares,"1,993","1,20,51,126.00",Buy,https://nsearchives.nseindia.com/corporate/xbrl/IT_1143233_805001_24032023042618_WEB.xml,24-Mar-2023 16:26
BARBEQUE,7(2),AHMED RAZA SAYED,Equity Shares,"1,500","21,00,000.00",Sell,https://nsearchives.nseindia.com/corporate/xbrl/IT_1121049_612716_18022022062527_WEB.xml,18-Feb-2022 18:25
BARBEQUE,7(2),GULSHAN KUMAR CHAWLA,Equity Shares,"2,405","34,15,100.00",Sell,https://nsearchives.nseindia.com/corporate/xbrl/IT_1121049_612716_18022022062527_WEB.xml,18-Feb-2022 18:25
BARBEQUE,7(2),NISHANT CHOUKIKER,Equity Shares,"1,000","13,26,856.00",Sell,https://nsearchives.nseindia.com/corporate/xbrl/IT_1119154_576563_05012022053748_WEB.xml,05-Jan-2022 17:37
BARBEQUE,7(2),MUKUNTH JEYASINGH,Equity Shares,100,"1,46,505.00",Sell,https://nsearchives.nseindia.com/corporate/xbrl/IT_1117642_571978_20122021071326_WEB.xml,20-Dec-2021 19:13
BARBEQUE,7(2),MUKUNTH JEYASINGH,Equity Shares,500,"6,82,500.00",Sell,https://nsearchives.nseindia.com/corporate/xbrl/IT_1117642_571978_20122021071326_WEB.xml,20-Dec-2021 19:13
BARBEQUE,7(2),MUKUNTH JEYASINGH,Equity Shares,100,"1,60,000.00",Sell,https://nsearchives.nseindia.com/corporate/xbrl/IT_1117642_571978_20122021071326_WEB.xml,20-Dec-2021 19:13
BARBEQUE,7(2),MUKUNTH JEYASINGH,Equity Shares,100,"1,53,500.00",Sell,https://nsearchives.nseindia.com/corporate/xbrl/IT_1117642_571978_20122021071326_WEB.xml,20-Dec-2021 19:13
BARBEQUE,7(2),MUKUNTH JEYASINGH,Equity Shares,100,"1,50,000.00",Sell,https://nsearchives.nseindia.com/corporate/xbrl/IT_1117642_571978_20122021071326_WEB.xml,20-Dec-2021 19:13
BARBEQUE,7(2),MANSOOR MEMON,Equity Shares,500,"8,05,000.00",Sell,https://nsearchives.nseindia.com/corporate/xbrl/IT_1115869_566075_01122021101151_WEB.xml,01-Dec-2021 22:11
BARBEQUE,7(2),PRITAM KUMAR MISHRA,Equity Shares,700,"10,15,105.00",Sell,https://nsearchives.nseindia.com/corporate/xbrl/IT_1115869_566075_01122021101151_WEB.xml,01-Dec-2021 22:11
BARBEQUE,7(2),MANSOOR MEMON,Equity Shares,"3,000","47,46,000.00",Sell,https://nsearchives.nseindia.com/corporate/xbrl/IT_1115869_566075_01122021101151_WEB.xml,01-Dec-2021 22:11
BARBEQUE,7(2),RAHUL AGRAWAL,Equity Shares,"60,000","9,02,02,275.00",Sell,https://nsearchives.nseindia.com/corporate/xbrl/IT_1114786_561865_18112021062753_WEB.xml,18-Nov-2021 18:27
BARBEQUE,7(2),Gaurav Vishal Singh,Equity Shares,742,"13,78,708.00",Sell,https://nsearchives.nseindia.com/corporate/xbrl/IT_1114213_554906_11112021072135_WEB.xml,11-Nov-2021 19:21
BARBEQUE,7(2),Ahamed Raza Sayed,Equity Shares,"7,500","87,92,530.00",Sell,https://nsearchives.nseindia.com/corporate/xbrl/IT_1108230_509749_20082021065755_WEB.xml,20-Aug-2021 18:57
BARBEQUE,7(2),Gaurav Vishal Singh,Equity Shares,"1,000","11,82,792.00",Sell,https://nsearchives.nseindia.com/corporate/xbrl/IT_1108230_509749_20082021065755_WEB.xml,20-Aug-2021 18:57
BARBEQUE,7(2),Sabirraza K Sayyed,Equity Shares,"3,000","35,54,134.00",Sell,https://nsearchives.nseindia.com/corporate/xbrl/IT_1108230_509749_20082021065755_WEB.xml,20-Aug-2021 18:57
CGPOWER,7(2),Mamta Maurya,Equity Shares,"42,090","72,58,710.00",Sell,https://nsearchives.nseindia.com/corporate/xbrl/IT_1129420_678010_30062022052049_WEB.xml,30-Jun-2022 17:20
CGPOWER,7(2),Mamta Maurya,Equity Shares,"10,000","8,44,600.00",Buy,https://nsearchives.nseindia.com/corporate/xbrl/IT_1103330_461709_21062021055008_WEB.xml,21-Jun-2021 17:50
CGPOWER,7(2),Mamta Maurya,Equity Shares,"1,100","86,920.00",Buy,https://nsearchives.nseindia.com/corporate/xbrl/IT_1103330_461709_21062021055008_WEB.xml,21-Jun-2021 17:50
CGPOWER,7(2),Mamta Maurya,Equity Shares,"6,000","4,95,350.00",Buy,https://nsearchives.nseindia.com/corporate/xbrl/IT_1103330_461709_21062021055008_WEB.xml,21-Jun-2021 17:50
CGPOWER,7(2),Archana Radheshyam Swami,Equity Shares,"25,000","13,13,750.00",Buy,https://nsearchives.nseindia.com/corporate/xbrl/IT_1098708_443276_23042021070314_WEB.xml,23-Apr-2021 19:03
CGPOWER,7(2),Archana Radheshyam Swami,Equity Shares,"50,000","28,70,000.00",Buy,https://nsearchives.nseindia.com/corporate/xbrl/IT_1093144_413238_01032021012236_WEB.xml,01-Mar-2021 13:22
CGPOWER,7(2),MA Murugappan Holdings LLP,Equity Shares,"2,50,000","1,36,75,000.00",Buy,https://nsearchives.nseindia.com/corporate/xbrl/IT_1092709_412591_25022021014119_WEB.xml,25-Feb-2021 13:41
CGPOWER,7(2),Murugappan Arunachalam Children Trust,Equity Shares,"26,081","14,97,049.00",Buy,https://nsearchives.nseindia.com/corporate/xbrl/IT_1092709_412591_25022021014119_WEB.xml,25-Feb-2021 13:41
CGPOWER,7(2),MA Murugappan Holdings LLP,Equity Shares,"10,000","5,74,000.00",Buy,https://nsearchives.nseindia.com/corporate/xbrl/IT_1092709_412591_25022021014119_WEB.xml,25-Feb-2021 13:41
CGPOWER,7(2),Mrs. Meyyammai A M,Equity Shares,"90,000","49,23,000.00",Buy,https://nsearchives.nseindia.com/corporate/xbrl/IT_1092413_412120_23022021024043_WEB.xml,23-Feb-2021 14:40
CGPOWER,7(2),Murugappan Arunachalam Children Trust,Equity Shares,"20,819","11,38,799.00",Buy,https://nsearchives.nseindia.com/corporate/xbrl/IT_1092413_412120_23022021024043_WEB.xml,23-Feb-2021 14:40
CGPOWER,7(2),Arun Murugappan Children's Trust,Equity Shares,"60,000","27,00,000.00",Buy,https://nsearchives.nseindia.com/corporate/xbrl/IT_1091477_410440_15022021060108_WEB.xml,15-Feb-2021 18:01
CGPOWER,7(2),Vedika Meyammai Arunachalam,Equity Shares,"31,000","13,95,000.00",Buy,https://nsearchives.nseindia.com/corporate/xbrl/IT_1091477_410440_15022021060108_WEB.xml,15-Feb-2021 18:01
CGPOWER,7(2),MA Murugappan Holdings LLP,Equity Shares,"86,000","38,70,000.00",Buy,https://nsearchives.nseindia.com/corporate/xbrl/IT_1091477_410440_15022021060108_WEB.xml,15-Feb-2021 18:01
CGPOWER,7(2),Arunachalam Murugapan HUF,Equity Shares,"51,000","22,95,000.00",Buy,https://nsearchives.nseindia.com/corporate/xbrl/IT_1091477_410440_15022021060108_WEB.xml,15-Feb-2021 18:01
CGPOWER,7(2),MAM Arunachalam,Equity Shares,"1,59,000","71,55,000.00",Buy,https://nsearchives.nseindia.com/corporate/xbrl/IT_1091477_410440_15022021060108_WEB.xml,15-Feb-2021 18:01
CGPOWER,7(2),Mr. A.Venkatachalam - HUF,Equity Shares,"10,000","4,60,000.00",Buy,https://nsearchives.nseindia.com/corporate/xbrl/IT_1091477_410440_15022021060108_WEB.xml,15-Feb-2021 18:01
CGPOWER,7(2),Alagappan M A,Equity Shares,"1,65,000","75,90,000.00",Buy,https://nsearchives.nseindia.com/corporate/xbrl/IT_1091242_407740_12022021052657_WEB.xml,12-Feb-2021 17:26
CGPOWER,7(2),Tube Investments of India Limited,Equity Shares,"6,87,28,522","99,99,99,995.00",Buy,https://nsearchives.nseindia.com/corporate/xbrl/IT_1087547_372599_22122020062238_WEB.xml,22-Dec-2020 18:22
CGPOWER,7(2),Tube Investments of India Limited,Warrants,"17,52,33,645","1,50,00,00,001.00",Buy,https://nsearchives.nseindia.com/corporate/xbrl/IT_1084858_367124_28112020035151_WEB.xml,28-Nov-2020 15:51
FAIRCHEMOR,7(2),FIH Private Investments Ltd.,Equity Shares,"13,500","1,69,87,147.00",Buy,https://nsearchives.nseindia.com/corporate/xbrl/IT_1176307_1335870_31122024051602_WEB.xml,31-Dec-2024 17:16
FAIRCHEMOR,7(2),FIH Private Investments Ltd.,Equity Shares,"13,500","1,65,94,698.00",Buy,https://nsearchives.nseindia.com/corporate/xbrl/IT_1176213_1335271_31122024112619_WEB.xml,31-Dec-2024 11:26
FAIRCHEMOR,7(2),FIH Private Investments Ltd,Equity Shares,"13,500","1,64,72,246.00",Buy,https://nsearchives.nseindia.com/corporate/xbrl/IT_1176104_1333781_28122024102549_WEB.xml,28-Dec-2024 10:25
FAIRCHEMOR,7(2),FIH Private Investments Ltd,Equity Shares,"13,000","1,65,07,589.00",Buy,https://nsearchives.nseindia.com/corporate/xbrl/IT_1175953_1332162_26122024045956_WEB.xml,26-Dec-2024 16:59
FAIRCHEMOR,7(2),FIH Private Investments Ltd,Equity Shares,"20,000","2,54,52,004.00",Buy,https://nsearchives.nseindia.com/corporate/xbrl/IT_1175806_1330945_24122024041918_WEB.xml,24-Dec-2024 16:19
FAIRCHEMOR,7(2),FIH Private Investments Ltd,Equity Shares,"20,000","2,45,98,470.00",Buy,https://nsearchives.nseindia.com/corporate/xbrl/IT_1175765_1330699_24122024122139_WEB.xml,24-Dec-2024 12:21
FAIRCHEMOR,7(2),FIH Private Investments Ltd,Equity Shares,59,"67,288.00",Buy,https://nsearchives.nseindia.com/corporate/xbrl/IT_1175765_1330699_24122024122139_WEB.xml,24-Dec-2024 12:21
FAIRCHEMOR,7(2),FIH Private Investments Ltd,Equity Shares,"20,500","2,48,04,487.00",Buy,https://nsearchives.nseindia.com/corporate/xbrl/IT_1175765_1330699_24122024122139_WEB.xml,24-Dec-2024 12:21
FAIRCHEMOR,7(2),FIH Private Investments Ltd,Equity Shares,"4,392","49,72,991.00",Buy,https://nsearchives.nseindia.com/corporate/xbrl/IT_1175765_1330699_24122024122139_WEB.xml,24-Dec-2024 12:21
FAIRCHEMOR,7(2),FIH PRIVATE INVESTMENTS LTD.,Equity Shares,"19,967","2,27,72,145.00",Buy,https://nsearchives.nseindia.com/corporate/xbrl/IT_1175530_1329244_20122024112629_WEB.xml,20-Dec-2024 11:26
FAIRCHEMOR,7(2),FIH Private Investments Ltd,Equity Shares,"1,85,582","21,01,31,547.00",Buy,https://nsearchives.nseindia.com/corporate/xbrl/IT_1175454_1328745_18122024112556_WEB.xml,18-Dec-2024 23:25
FAIRCHEMOR,7(2),FIH Private Investments Limited,Equity Shares,"1,083","18,47,993.00",Sell,https://nsearchives.nseindia.com/corporate/xbrl/IT_1121028_612674_18022022052526_WEB.xml,18-Feb-2022 17:25
FAIRCHEMOR,7(2),Utkarsh Bhikhoobhai Shah,Equity Shares,"15,000","2,45,25,000.00",Buy,https://nsearchives.nseindia.com/corporate/xbrl/IT_1118498_573928_29122021045956_WEB.xml,29-Dec-2021 16:59
FAIRCHEMOR,7(2),Nahoosh Tradelink LLP,Equity Shares,"15,000","2,45,25,000.00",Sell,https://nsearchives.nseindia.com/corporate/xbrl/IT_1118439_573817_29122021125510_WEB.xml,29-Dec-2021 12:55
FAIRCHEMOR,7(2),FIH Mauritius Investments Limited,Equity Shares,"18,00,000","3,37,72,51,990.00",Sell,https://nsearchives.nseindia.com/corporate/xbrl/IT_1114176_554369_11112021031624_WEB.xml,11-Nov-2021 15:16
FAIRCHEMOR,7(2),Nahoosh Tradelink LLP,Equity Shares,"1,75,000","32,95,64,040.00",Sell,https://nsearchives.nseindia.com/corporate/xbrl/IT_1114174_554356_11112021030627_WEB.xml,11-Nov-2021 15:06
FAIRCHEMOR,7(2),Rajkumar Doppalapudi,Equity Shares,"9,972","57,39,185.00",Sell,https://nsearchives.nseindia.com/corporate/xbrl/IT_1110965_515208_16092021023527_WEB.xml,16-Sep-2021 14:35
FAIRCHEMOR,7(2),Rajkumar Doppalapudi,Equity Shares,"1,27,686","7,34,87,124.00",Sell,https://nsearchives.nseindia.com/corporate/xbrl/IT_1110965_515208_16092021023527_WEB.xml,16-Sep-2021 14:35
FAIRCHEMOR,7(2),Rajkumar Doppalapudi,Equity Shares,"6,450","37,12,169.00",Sell,https://nsearchives.nseindia.com/corporate/xbrl/IT_1110965_515208_16092021023527_WEB.xml,16-Sep-2021 14:35
FROG,7(2),PANKAJ GANDHI,Equity Shares,400,"90,000.00",Buy,https://nsearchives.nseindia.com/corporate/xbrl/IT_1152227_930355_13092023033026_WEB.xml,13-Sep-2023 15:30
FROG,7(2),KONARK TRIVEDI,Equity Shares,"16,000","28,68,400.00",Buy,https://nsearchives.nseindia.com/corporate/xbrl/IT_1140852_797201_20022023042952_WEB.xml,20-Feb-2023 16:29
FROG,7(2),POOJA KALRA,Equity Shares,"1,200","2,74,800.00",Buy,https://nsearchives.nseindia.com/corporate/xbrl/IT_1137349_750030_08122022045249_WEB.xml,08-Dec-2022 16:52
FROG,7(2),KONARK TRIVEDI,Equity Shares,"12,000","29,39,940.00",Buy,https://nsearchives.nseindia.com/corporate/xbrl/IT_1137137_749606_06122022042337_WEB.xml,06-Dec-2022 16:23
FROG,7(2),KONARK TRIVEDI,Equity Shares,"18,000","43,83,480.00",Buy,https://nsearchives.nseindia.com/corporate/xbrl/IT_1137048_749385_05122022035330_WEB.xml,05-Dec-2022 15:53
FROG,7(2),KONARK TRIVEDI,Equity Shares,"19,200","45,66,420.00",Buy,https://nsearchives.nseindia.com/corporate/xbrl/IT_1136907_749053_02122022045606_WEB.xml,02-Dec-2022 16:56
FROG,7(2),Sonal Trivedi,Equity Shares,"27,600","67,29,480.00",Buy,https://nsearchives.nseindia.com/corporate/xbrl/IT_1135845_746649_18112022054239_WEB.xml,18-Nov-2022 17:42
FROG,7(2),Sonal Trivedi,Equity Shares,"1,200","2,83,200.00",Buy,https://nsearchives.nseindia.com/corporate/xbrl/IT_1135813_746599_18112022041347_WEB.xml,18-Nov-2022 16:13
FROG,7(2),Sonal Trivedi,Equity Shares,"44,400","1,07,65,860.00",Buy,https://nsearchives.nseindia.com/corporate/xbrl/IT_1135813_746599_18112022041347_WEB.xml,18-Nov-2022 16:13
HAL,7(2),THE PRESIDENT OF INDIA,Equity Shares,"37,632","9,30,26,304.00",Sell,https://nsearchives.nseindia.com/corporate/xbrl/IT_1144460_815627_12042023023643_WEB.xml,12-Apr-2023 14:36
HAL,7(2),THE PRESIDENT OF INDIA,Equity Shares,"1,05,33,206","26,13,95,02,529.00",Sell,https://nsearchives.nseindia.com/corporate/xbrl/IT_1143457_805839_28032023115601_WEB.xml,28-Mar-2023 11:56
HAL,7(2),THE PRESIDENT OF INDIA,Equity Shares,"11,70,357","2,90,48,10,061.00",Sell,https://nsearchives.nseindia.com/corporate/xbrl/IT_1143457_805839_28032023115601_WEB.xml,28-Mar-2023 11:56
HAL,7(2),President of India,Equity Shares,680,"6,46,646.00",Sell,https://nsearchives.nseindia.com/corporate/xbrl/IT_1080313_321125_23092020050024_WEB.xml,23-Sep-2020 17:00
HAL,7(2),President of India,Equity Shares,"4,01,26,500","40,19,95,49,497.00",Sell,https://nsearchives.nseindia.com/corporate/xbrl/IT_1077963_312571_01092020020613_WEB.xml,01-Sep-2020 14:06
HAL,7(2),President of India,Equity Shares,"94,35,593","9,09,88,03,586.00",Sell,https://nsearchives.nseindia.com/corporate/xbrl/IT_1077963_312571_01092020020613_WEB.xml,01-Sep-2020 14:06
HSCL,7(2),Mukund Kumar Jha,Equity Shares,"1,10,700","47,72,370.00",Buy,https://nsearchives.nseindia.com/corporate/xbrl/IT_1129980_693646_18072022062707_WEB.xml,18-Jul-2022 18:27
HSCL,7(2),Mukund Kumar Jha,Equity Shares,"95,300","40,93,528.00",Sell,https://nsearchives.nseindia.com/corporate/xbrl/IT_1129980_693646_18072022062707_WEB.xml,18-Jul-2022 18:27
HSCL,7(2),Dr Soumen Chakraborty,Equity Shares,"56,818","10,79,542.00",Buy,https://nsearchives.nseindia.com/corporate/xbrl/IT_1125551_647873_25042022071355_WEB.xml,25-Apr-2022 19:13
HSCL,7(2),Kamlesh Kumar Agarwal,Equity Shares,"65,000","12,35,000.00",Buy,https://nsearchives.nseindia.com/corporate/xbrl/IT_1125526_647493_23042022043556_WEB.xml,23-Apr-2022 16:35
HSCL,7(2),Sushila Devi Choudhary,Equity Shares,"8,50,000","3,54,44,704.00",Sell,https://nsearchives.nseindia.com/corporate/xbrl/IT_1084065_365524_21112020084130_WEB.xml,21-Nov-2020 20:41
HSCL,7(2),Kanta Devi Choudhary,Equity Shares,"8,22,850","3,38,17,289.00",Sell,https://nsearchives.nseindia.com/corporate/xbrl/IT_1084065_365524_21112020084130_WEB.xml,21-Nov-2020 20:41
HSCL,7(2),Saroj Devi Choudhary,Equity Shares,"8,22,850","3,38,36,440.00",Sell,https://nsearchives.nseindia.com/corporate/xbrl/IT_1084065_365524_21112020084130_WEB.xml,21-Nov-2020 20:41
HSCL,7(2),Himadri Credit & Finance Ltd,Equity Shares,"80,02,933","33,35,31,586.00",Sell,https://nsearchives.nseindia.com/corporate/xbrl/IT_1083969_365313_20112020074747_WEB.xml,20-Nov-2020 19:47
HSCL,7(2),Sheela Devi Choudhary,Equity Shares,"7,63,420","3,32,18,767.00",Sell,https://nsearchives.nseindia.com/corporate/xbrl/IT_1083897_365188_20112020040345_WEB.xml,20-Nov-2020 16:03
HSCL,7(2),Shyam Sundar Choudhary,Equity Shares,"32,34,280","14,43,69,103.00",Sell,https://nsearchives.nseindia.com/corporate/xbrl/IT_1083891_365181_20112020035404_WEB.xml,20-Nov-2020 15:54
HSCL,7(2),Somesh Satnalika,Equity Shares,"24,000","11,15,275.00",Sell,https://nsearchives.nseindia.com/corporate/xbrl/IT_1083640_364640_18112020061110_WEB.xml,18-Nov-2020 18:11
HSCL,7(2),Kamlesh Kumar Agarwal,Equity Shares,"45,000","21,03,063.00",Sell,https://nsearchives.nseindia.com/corporate/xbrl/IT_1083528_364394_17112020071827_WEB.xml,17-Nov-2020 19:18
HSCL,7(2),Tushar Choudhary,Equity Shares,"14,84,280",-,Buy,https://nsearchives.nseindia.com/corporate/xbrl/IT_1082484_353746_02112020074940_WEB.xml,02-Nov-2020 19:49
HSCL,7(2),Modern Hi-Rise Pvt Ltd,Equity Shares,"18,25,99,607","18,25,99,607.00",Buy,https://nsearchives.nseindia.com/corporate/xbrl/IT_1050203_85489_16032019085121_WEB.xml,16-Mar-2019 20:51
HSCL,7(2),Himachal Coke & Petro Ltd,Equity Shares,"3,81,75,297","3,81,75,297.00",Sell,https://nsearchives.nseindia.com/corporate/xbrl/IT_1050203_85489_16032019085121_WEB.xml,16-Mar-2019 20:51
HSCL,7(2),Himadri Industries Ltd.,Equity Shares,"4,61,40,000","4,61,40,000.00",Sell,https://nsearchives.nseindia.com/corporate/xbrl/IT_1050203_85489_16032019085121_WEB.xml,16-Mar-2019 20:51
HSCL,7(2),Himadri Dyes & Intermediates  Ltd,Equity Shares,"9,82,84,310","9,82,84,310.00",Sell,https://nsearchives.nseindia.com/corporate/xbrl/IT_1050203_85489_16032019085121_WEB.xml,16-Mar-2019 20:51
HSCL,7(2),Himachal Coke & Petro Ltd,Equity Shares,"3,26,75,297","62,08,30,643.00",Buy,-,01-Apr-2016 18:41
IWEL,7(2),Devansh Trademart LLP,Equity Shares,"8,26,446","70,00,00,000.00",Buy,https://nsearchives.nseindia.com/corporate/xbrl/IT_1149331_904445_31072023052824_WEB.xml,31-Jul-2023 17:28
IWEL,7(2),Devansh Trademart LLP,Warrants,"8,26,446","70,00,00,000.00",Buy,https://nsearchives.nseindia.com/corporate/xbrl/IT_1120862_612279_17022022123239_WEB.xml,17-Feb-2022 12:32
IWEL,7(2),Pavan Kumar Jain,Equity Shares,"4,010",-,Sell,https://nsearchives.nseindia.com/corporate/xbrl/IT_1114069_553049_09112021073954_WEB.xml,09-Nov-2021 19:39
IWEL,7(2),Vivek Kumar Jain,Equity Shares,"5,010",-,Buy,https://nsearchives.nseindia.com/corporate/xbrl/IT_1114069_553049_09112021073954_WEB.xml,09-Nov-2021 19:39
IWEL,7(2),Nayantara Jain,Equity Shares,"1,000",-,Sell,https://nsearchives.nseindia.com/corporate/xbrl/IT_1114069_553049_09112021073954_WEB.xml,09-Nov-2021 19:39
IWEL,7(2),Siddharth Jain,Equity Shares,"2,000",-,Sell,https://nsearchives.nseindia.com/corporate/xbrl/IT_1113239_529814_12102021040059_WEB.xml,12-Oct-2021 16:01
IWEL,7(2),Pavan Kumar Jain,Equity Shares,"2,000",-,Buy,https://nsearchives.nseindia.com/corporate/xbrl/IT_1113239_529814_12102021040059_WEB.xml,12-Oct-2021 16:01
IWEL,7(2),Siddho Mal Trading LLP,Equity Shares,"2,01,926","13,04,58,696.00",Sell,https://nsearchives.nseindia.com/corporate/xbrl/IT_1111648_516960_22092021055020_WEB.xml,22-Sep-2021 17:50
IWEL,7(2),Inox Chemicals LLP,Equity Shares,"2,95,523","19,09,29,078.00",Sell,https://nsearchives.nseindia.com/corporate/xbrl/IT_1111648_516960_22092021055020_WEB.xml,22-Sep-2021 17:50
IWEL,7(2),Vivek Kumar Jain,Equity Shares,"4,97,449","32,24,10,722.00",Buy,https://nsearchives.nseindia.com/corporate/xbrl/IT_1111648_516960_22092021055020_WEB.xml,22-Sep-2021 17:50
JETFREIGHT,7(2),Richard Francis Theknath,Equity Shares,"30,90,000","5,47,54,800.00",Pledge,https://nsearchives.nseindia.com/corporate/xbrl/IT_1175215_1327337_16122024033856_WEB.xml,16-Dec-2024 15:38
JETFREIGHT,7(2),Richard Francis Theknath,Equity Shares,"22,30,000","4,14,78,000.00",Pledge,https://nsearchives.nseindia.com/corporate/xbrl/IT_1174445_1322983_04122024053547_WEB.xml,04-Dec-2024 17:35
JETFREIGHT,7(2),Dax Francis Theknath,Equity Shares,"20,39,500","3,10,00,400.00",Pledge,https://nsearchives.nseindia.com/corporate/xbrl/IT_1174183_1321197_29112024055939_WEB.xml,29-Nov-2024 17:59
JETFREIGHT,7(2),Richard Francis Theknath,Equity Shares,"50,000","6,71,416.00",Sell,https://nsearchives.nseindia.com/corporate/xbrl/IT_1163131_1075636_28032024063148_WEB.xml,28-Mar-2024 18:31
JETFREIGHT,7(2),Richard Francis Theknath,Equity Shares,"75,000","9,54,446.00",Sell,https://nsearchives.nseindia.com/corporate/xbrl/IT_1163131_1075636_28032024063148_WEB.xml,28-Mar-2024 18:31
JETFREIGHT,7(2),Richard Francis Theknath,Equity Shares,"54,86,726","8,91,59,298.00",Buy,https://nsearchives.nseindia.com/corporate/xbrl/IT_1140394_791176_10022023053637_WEB.xml,10-Feb-2023 17:36
JETFREIGHT,7(2),Agnes Francis Theknath,Equity Shares,"15,80,000","2,56,75,000.00",Buy,https://nsearchives.nseindia.com/corporate/xbrl/IT_1140394_791176_10022023053637_WEB.xml,10-Feb-2023 17:36
JETFREIGHT,7(2),Dax Francis Theknath,Equity Shares,"48,09,000","7,81,46,250.00",Buy,https://nsearchives.nseindia.com/corporate/xbrl/IT_1140394_791176_10022023053637_WEB.xml,10-Feb-2023 17:36
JETFREIGHT,7(2),Dax Francis Theknath,Equity Shares,"37,00,000","7,84,40,000.00",Pledge,https://nsearchives.nseindia.com/corporate/xbrl/IT_1134243_715676_29092022045637_WEB.xml,29-Sep-2022 16:56
JETFREIGHT,7(2),Agnes Francis Theknath,Equity Shares,"15,52,384","3,04,11,203.00",Sell,https://nsearchives.nseindia.com/corporate/xbrl/IT_1131739_708158_29082022031224_WEB.xml,29-Aug-2022 15:12
JETFREIGHT,7(2),Agnes Francis Theknath,Equity Shares,"52,594","10,49,250.00",Sell,https://nsearchives.nseindia.com/corporate/xbrl/IT_1131372_707114_24082022023540_WEB.xml,24-Aug-2022 14:35
JETFREIGHT,7(2),Agnes Francis Theknath,Equity Shares,"6,92,924","1,38,93,126.00",Sell,https://nsearchives.nseindia.com/corporate/xbrl/IT_1131270_706850_23082022025822_WEB.xml,23-Aug-2022 14:58
JETFREIGHT,7(2),Agnes Francis Theknath,Equity Shares,"3,37,963","67,72,779.00",Sell,https://nsearchives.nseindia.com/corporate/xbrl/IT_1131268_706846_23082022024840_WEB.xml,23-Aug-2022 14:48
JETFREIGHT,7(2),Agnes Francis Theknath,Equity Shares,"3,50,000","73,81,500.00",Sell,https://nsearchives.nseindia.com/corporate/xbrl/IT_1131049_706259_19082022021231_WEB.xml,19-Aug-2022 14:12
JETFREIGHT,7(2),Agnes Francis Theknath,Equity Shares,"1,00,000","22,05,000.00",Sell,https://nsearchives.nseindia.com/corporate/xbrl/IT_1130985_706073_18082022035539_WEB.xml,18-Aug-2022 15:55
JETFREIGHT,7(2),Agnes Francis Theknath,Equity Shares,"13,15,419","3,15,83,210.00",Sell,https://nsearchives.nseindia.com/corporate/xbrl/IT_1130849_705593_16082022055403_WEB.xml,16-Aug-2022 17:54
JETFREIGHT,7(2),Dax Francis Theknath,Equity Shares,"22,80,000","7,71,78,000.00",Pledge,https://nsearchives.nseindia.com/corporate/xbrl/IT_1126623_661983_26052022061632_WEB.xml,26-May-2022 18:16
JETFREIGHT,7(2),Richard Francis Theknath,Equity Shares,"26,60,000","9,00,41,000.00",Pledge,https://nsearchives.nseindia.com/corporate/xbrl/IT_1126621_661973_26052022061233_WEB.xml,26-May-2022 18:12
JETFREIGHT,7(2),Agnes Francis Theknath,Equity Shares,"23,90,000","16,77,78,000.00",Pledge,https://nsearchives.nseindia.com/corporate/xbrl/IT_1119900_602027_02022022025017_WEB.xml,02-Feb-2022 14:50
JETFREIGHT,7(2),Richard Francis Theknath,Equity Shares,"13,458","6,57,020.00",Buy,https://nsearchives.nseindia.com/corporate/xbrl/IT_1119196_577729_06012022060253_WEB.xml,06-Jan-2022 18:02
WENDT,7(2),Wendt GmbH,Equity Shares,"7,50,000","6,15,32,41,751.00",Sell,https://nsearchives.nseindia.com/corporate/xbrl/IT_1182273_1444549_20052025061031_WEB.xml,20-May-2025 18:10
WENDT,7(2),Carborundum Universal Limited,Equity Shares,"47,352","14,06,76,984.00",Sell,https://nsearchives.nseindia.com/corporate/xbrl/IT_1089489_384055_11012021074553_WEB.xml,11-Jan-2021 19:45
WENDT,7(2),Wendt GmbH,Equity Shares,"47,352","14,06,83,775.00",Sell,https://nsearchives.nseindia.com/corporate/xbrl/IT_1089489_384055_11012021074553_WEB.xml,11-Jan-2021 19:45
ARVSMART,7(2),Kausalya Realserve LLP,Equity Shares,"7,00,000","40,65,06,438.00",Sell,https://nsearchives.nseindia.com/corporate/xbrl/IT_1160715_1060466_26022024125123_WEB.xml,26-Feb-2024 12:51
BHAGYANGR,7(2),SUNITA SURANA,Equity Shares,"44,820","15,19,328.00",Sell,https://nsearchives.nseindia.com/corporate/xbrl/IT_1088457_374589_30122020033120_WEB.xml,30-Dec-2020 15:31
BHAGYANGR,7(2),SUNITA SURANA,Equity Shares,"8,751","1,59,489.00",Buy,https://nsearchives.nseindia.com/corporate/xbrl/IT_1088457_374589_30122020033120_WEB.xml,30-Dec-2020 15:31
BHAGYANGR,7(2),NIKITA GUPTA,Equity Shares,"24,358","5,01,914.00",Buy,https://nsearchives.nseindia.com/corporate/xbrl/IT_1086919_371215_17122020025050_WEB.xml,17-Dec-2020 14:50
BHAGYANGR,7(2),NIKITA GUPTA,Equity Shares,"61,466","18,89,412.00",Sell,https://nsearchives.nseindia.com/corporate/xbrl/IT_1086919_371215_17122020025050_WEB.xml,17-Dec-2020 14:50
BHAGYANGR,7(2),SHRESHA SURANA,Equity Shares,"7,407","1,35,063.00",Buy,https://nsearchives.nseindia.com/corporate/xbrl/IT_1081542_326675_05102020044218_WEB.xml,05-Oct-2020 16:42
BHAGYANGR,7(2),NIKITA GUPTA,Equity Shares,"57,940","10,14,632.00",Buy,https://nsearchives.nseindia.com/corporate/xbrl/IT_1080789_322782_28092020033713_WEB.xml,28-Sep-2020 15:37
BHAGYANGR,7(2),SHRESHA SURANA,Equity Shares,"4,800","86,808.00",Buy,https://nsearchives.nseindia.com/corporate/xbrl/IT_1080437_321475_24092020025548_WEB.xml,24-Sep-2020 14:55
BHAGYANGR,7(2),SHRESHA SURANA,Equity Shares,"59,726","10,40,662.00",Buy,https://nsearchives.nseindia.com/corporate/xbrl/IT_1079739_319481_18092020112554_WEB.xml,18-Sep-2020 11:25
BHAGYANGR,7(2),GULABCHAND MANGILAL SURANA,Equity Shares,"17,10,990","4,19,19,255.00",Sell,https://nsearchives.nseindia.com/corporate/xbrl/IT_1054239_110167_02072019044645_WEB.xml,02-Jul-2019 16:46
BHAGYANGR,7(2),ADVAIT SURANA,Equity Shares,"8,55,495","2,09,59,628.00",Buy,https://nsearchives.nseindia.com/corporate/xbrl/IT_1054239_110167_02072019044645_WEB.xml,02-Jul-2019 16:46
BHAGYANGR,7(2),MANISH SURANA,Equity Shares,"8,55,495","2,09,59,628.00",Buy,https://nsearchives.nseindia.com/corporate/xbrl/IT_1054239_110167_02072019044645_WEB.xml,02-Jul-2019 16:46
BHAGYANGR,7(2),NARENDER SURANA,Equity Shares,"1,302","38,872.00",Buy,https://nsearchives.nseindia.com/corporate/xbrl/IT_1049138_84200_26022019125017_WEB.xml,26-Feb-2019 12:50
BHAGYANGR,7(2),NARENDER SURANA,Equity Shares,"34,228","11,14,840.00",Buy,https://nsearchives.nseindia.com/corporate/xbrl/IT_1047857_78839_31012019121326_WEB.xml,31-Jan-2019 12:13
BHAGYANGR,7(2),SUNITA SURANA,Equity Shares,"23,838","9,90,181.00",Buy,-,06-Jun-2018 16:54
BHAGYANGR,7(2),SUNITA SURANA,Equity Shares,"6,500","3,61,080.00",Sell,-,06-Jun-2018 16:54
BHAGYANGR,7(2),NARENDER SURANA,Equity Shares,"7,500","4,16,265.00",Sell,-,15-Mar-2018 13:14
BHAGYANGR,7(2),DEVENDRA SURANA,Equity Shares,"8,52,778","3,58,16,676.00",Buy,-,01-Feb-2018 15:47
BHAGYANGR,7(2),NARENDER SURANA,Equity Shares,"14,410","7,67,556.00",Sell,-,01-Feb-2018 15:44
BHAGYANGR,7(2),NARENDER SURANA,Equity Shares,"4,971","2,00,076.00",Buy,-,01-Feb-2018 15:44
BHAGYANGR,7(2),NARENDER SURANA,Equity Shares,"8,52,171","3,57,91,182.00",Buy,-,01-Feb-2018 15:40
XELPMOC,7(2),Vishal Chaddha,Equity Shares,600,"1,06,269.00",Sell,https://nsearchives.nseindia.com/corporate/xbrl/IT_1132176_709425_03092022040711_WEB.xml,03-Sep-2022 16:07
XELPMOC,7(2),Vishal Chaddha,Equity Shares,600,"1,00,111.00",Sell,https://nsearchives.nseindia.com/corporate/xbrl/IT_1132176_709425_03092022040711_WEB.xml,03-Sep-2022 16:07
XELPMOC,7(2),Vishal Chaddha,Equity Shares,600,"1,01,417.00",Sell,https://nsearchives.nseindia.com/corporate/xbrl/IT_1132176_709425_03092022040711_WEB.xml,03-Sep-2022 16:07
XELPMOC,7(2),Vishal Chaddha,Equity Shares,600,"1,02,271.00",Sell,https://nsearchives.nseindia.com/corporate/xbrl/IT_1132176_709425_03092022040711_WEB.xml,03-Sep-2022 16:07
XELPMOC,7(2),Vishal Chaddha,Equity Shares,600,"1,02,600.00",Sell,https://nsearchives.nseindia.com/corporate/xbrl/IT_1132176_709425_03092022040711_WEB.xml,03-Sep-2022 16:07
XELPMOC,7(2),Vishal Chaddha,Equity Shares,400,"68,910.00",Sell,https://nsearchives.nseindia.com/corporate/xbrl/IT_1132176_709425_03092022040711_WEB.xml,03-Sep-2022 16:07
XELPMOC,7(2),Vishal Chaddha,Equity Shares,600,"1,05,571.00",Sell,https://nsearchives.nseindia.com/corporate/xbrl/IT_1132176_709425_03092022040711_WEB.xml,03-Sep-2022 16:07
XELPMOC,7(2),Vishal Chaddha,Equity Shares,600,"1,09,871.00",Sell,https://nsearchives.nseindia.com/corporate/xbrl/IT_1132176_709425_03092022040711_WEB.xml,03-Sep-2022 16:07
XELPMOC,7(2),Vishal Chaddha,Equity Shares,600,"1,08,810.00",Sell,https://nsearchives.nseindia.com/corporate/xbrl/IT_1132176_709425_03092022040711_WEB.xml,03-Sep-2022 16:07
XELPMOC,7(2),Vishal Chaddha,Equity Shares,600,"99,990.00",Sell,https://nsearchives.nseindia.com/corporate/xbrl/IT_1132176_709425_03092022040711_WEB.xml,03-Sep-2022 16:07
XELPMOC,7(2),Mr. Srinivas Koora,Equity Shares,"10,000","15,43,225.00",Sell,https://nsearchives.nseindia.com/corporate/xbrl/IT_1077353_310506_26082020011012_WEB.xml,26-Aug-2020 13:10
XELPMOC,7(2),Mr. Srinivas Koora,Equity Shares,"38,500","59,40,727.00",Sell,https://nsearchives.nseindia.com/corporate/xbrl/IT_1077353_310506_26082020011012_WEB.xml,26-Aug-2020 13:10
XELPMOC,7(2),Mr. Srinivas Koora,Equity Shares,"5,000","7,94,750.00",Sell,https://nsearchives.nseindia.com/corporate/xbrl/IT_1077353_310506_26082020011012_WEB.xml,26-Aug-2020 13:10
XELPMOC,7(2),Mr. Srinivas Koora,Equity Shares,"64,000","1,02,24,000.00",Sell,https://nsearchives.nseindia.com/corporate/xbrl/IT_1077353_310506_26082020011012_WEB.xml,26-Aug-2020 13:10
PFIZER,7(2),Anil Gupta,Equity Shares,25,"1,05,000.00",Buy,https://nsearchives.nseindia.com/corporate/xbrl/IT_1072254_247802_04052020085116_WEB.xml,04-May-2020 20:51
PFIZER,7(2),Anil Gupta,Equity Shares,150,"6,59,000.00",Sell,https://nsearchives.nseindia.com/corporate/xbrl/IT_1072254_247802_04052020085116_WEB.xml,04-May-2020 20:51
PFIZER,7(2),Anil Gupta,Equity Shares,125,"5,14,500.00",Buy,https://nsearchives.nseindia.com/corporate/xbrl/IT_1072254_247802_04052020085116_WEB.xml,04-May-2020 20:51
PFIZER,7(2),Anil Gupta,Equity Shares,100,"4,05,000.00",Buy,https://nsearchives.nseindia.com/corporate/xbrl/IT_1072254_247802_04052020085116_WEB.xml,04-May-2020 20:51
PFIZER,7(2),Anil Gupta,Equity Shares,25,"1,01,951.00",Buy,https://nsearchives.nseindia.com/corporate/xbrl/IT_1072254_247802_04052020085116_WEB.xml,04-May-2020 20:51
BRIGHT,7(2),Mr. Piyushkumar Babubhai Thumar,Equity Shares,"1,80,000","9,82,950.00",Sell,https://nsearchives.nseindia.com/corporate/xbrl/IT_1123494_618741_18032022112142_WEB.xml,18-Mar-2022 11:21
BRIGHT,7(2),Mr. Piyushkumar Babubhai Thumar,Equity Shares,"1,53,000","8,70,360.00",Sell,https://nsearchives.nseindia.com/corporate/xbrl/IT_1123214_618132_16032022024008_WEB.xml,16-Mar-2022 14:40
BRIGHT,7(2),Mr. Piyushkumar Babubhai Thumar,Equity Shares,"1,11,000","6,64,170.00",Sell,https://nsearchives.nseindia.com/corporate/xbrl/IT_1123129_617952_15032022052156_WEB.xml,15-Mar-2022 17:21
BRIGHT,7(2),Mr. Piyushkumar Babubhai Thumar,Equity Shares,"27,000","1,61,190.00",Sell,https://nsearchives.nseindia.com/corporate/xbrl/IT_1122811_617244_11032022020105_WEB.xml,11-Mar-2022 14:01
BRIGHT,7(2),Mr. Piyushkumar Babubhai Thumar,Equity Shares,"27,000","1,53,090.00",Sell,https://nsearchives.nseindia.com/corporate/xbrl/IT_1122549_616723_09032022014442_WEB.xml,09-Mar-2022 13:44
BRIGHT,7(2),Mr. Piyushkumar Babubhai Thumar,Equity Shares,"60,000","3,28,200.00",Sell,https://nsearchives.nseindia.com/corporate/xbrl/IT_1122455_616438_08032022031924_WEB.xml,08-Mar-2022 15:19
BRIGHT,7(2),Mr. Piyushkumar Babubhai Thumar,Equity Shares,"2,46,000","12,96,870.00",Sell,https://nsearchives.nseindia.com/corporate/xbrl/IT_1122305_615823_07032022100055_WEB.xml,07-Mar-2022 10:00
BRIGHT,7(2),Mr. Piyushkumar Babubhai Thumar,Equity Shares,"1,59,000","8,82,480.00",Sell,https://nsearchives.nseindia.com/corporate/xbrl/IT_1122303_615820_07032022095641_WEB.xml,07-Mar-2022 09:56
BRIGHT,7(2),Mr. Piyushkumar Babubhai Thumar,Equity Shares,"2,49,000","14,21,730.00",Sell,https://nsearchives.nseindia.com/corporate/xbrl/IT_1122174_615513_04032022110752_WEB.xml,04-Mar-2022 11:07
BRIGHT,7(2),Mr. Piyushkumar Babubhai Thumar,Equity Shares,"1,59,000","8,82,480.00",Sell,https://nsearchives.nseindia.com/corporate/xbrl/IT_1122172_615502_04032022102115_WEB.xml,04-Mar-2022 10:21
BRIGHT,7(2),Mr. Piyushkumar Babubhai Thumar,Equity Shares,"2,58,000","15,54,810.00",Sell,https://nsearchives.nseindia.com/corporate/xbrl/IT_1122059_615276_03032022101305_WEB.xml,03-Mar-2022 10:13
BRIGHT,7(2),Mr. Piyushkumar Babubhai Thumar,Equity Shares,"1,38,000","9,55,860.00",Sell,https://nsearchives.nseindia.com/corporate/xbrl/IT_1120992_612594_18022022030633_WEB.xml,18-Feb-2022 15:06
BRIGHT,7(2),Mr. Piyushkumar Babubhai Thumar,Equity Shares,"96,000","9,09,120.00",Sell,https://nsearchives.nseindia.com/corporate/xbrl/IT_1119446_593025_19012022123500_WEB.xml,19-Jan-2022 12:35
BRIGHT,7(2),Mr. Piyushkumar Babubhai Thumar,Equity Shares,"1,68,000","15,15,360.00",Sell,https://nsearchives.nseindia.com/corporate/xbrl/IT_1119419_591066_18012022112227_WEB.xml,18-Jan-2022 11:22
BRIGHT,7(2),Mr. Piyushkumar Babubhai Thumar,Equity Shares,"1,68,000","15,15,360.00",Sell,https://nsearchives.nseindia.com/corporate/xbrl/IT_1119418_591060_18012022112140_WEB.xml,18-Jan-2022 11:21
BRIGHT,7(2),Mr. Piyushkumar Babubhai Thumar,Equity Shares,"1,89,000","17,74,980.00",Sell,https://nsearchives.nseindia.com/corporate/xbrl/IT_1119318_584515_12012022031609_WEB.xml,12-Jan-2022 15:16
BRIGHT,7(2),Mr. Piyushkumar Babubhai Thumar,Equity Shares,"3,03,000","15,80,760.00",Sell,https://nsearchives.nseindia.com/corporate/xbrl/IT_1118040_572920_24122021101211_WEB.xml,24-Dec-2021 10:12
BRIGHT,7(2),Mr. Piyushkumar Babubhai Thumar,Equity Shares,"57,000","2,83,290.00",Sell,https://nsearchives.nseindia.com/corporate/xbrl/IT_1117843_572455_22122021030149_WEB.xml,22-Dec-2021 15:01
BRIGHT,7(2),Mr. Piyushkumar Babubhai Thumar,Equity Shares,"60,000","2,98,200.00",Sell,https://nsearchives.nseindia.com/corporate/xbrl/IT_1117745_572249_21122021051512_WEB.xml,21-Dec-2021 17:15
BRIGHT,7(2),Mr. Piyushkumar Babubhai Thumar,Equity Shares,"30,000","1,50,600.00",Sell,https://nsearchives.nseindia.com/corporate/xbrl/IT_1117546_571747_20122021102346_WEB.xml,20-Dec-2021 10:23
VIPIND,7(2),Praful Gupta,Equity Shares,"3,900","12,01,050.00",Sell,https://nsearchives.nseindia.com/corporate/xbrl/IT_1179438_1393799_07032025052448_WEB.xml,07-Mar-2025 17:24
VIPIND,7(2),Anup Sur,Equity Shares,"3,582","16,92,953.00",Sell,https://nsearchives.nseindia.com/corporate/xbrl/IT_1176249_1335547_31122024024602_WEB.xml,31-Dec-2024 14:46
VIPIND,7(2),Sunil Chimanrao Kolhe,Equity Shares,"2,000","10,06,000.00",Sell,https://nsearchives.nseindia.com/corporate/xbrl/IT_1170226_1239542_06092024033433_WEB.xml,06-Sep-2024 15:34
VIPIND,7(2),Sunil Kolhe,Equity Shares,"3,000","14,67,000.00",Sell,https://nsearchives.nseindia.com/corporate/xbrl/IT_1169955_1237446_03092024075645_WEB.xml,03-Sep-2024 19:56
VIPIND,7(2),Anup Sur,Equity Shares,"27,806","1,38,47,388.00",Sell,https://nsearchives.nseindia.com/corporate/xbrl/IT_1165976_1158164_14062024062812_WEB.xml,14-Jun-2024 18:28
VIPIND,7(2),Sunil Kolhe,Equity Shares,"2,000","9,93,000.00",Sell,https://nsearchives.nseindia.com/corporate/xbrl/IT_1165300_1154745_07062024030849_WEB.xml,07-Jun-2024 15:08
VIPIND,7(2),Sunil Kolhe,Equity Shares,"3,000","14,53,023.00",Sell,https://nsearchives.nseindia.com/corporate/xbrl/IT_1165095_1153541_05062024050303_WEB.xml,05-Jun-2024 17:03
VIPIND,7(2),Praful Gupta,Equity Shares,"9,522","43,39,897.00",Sell,https://nsearchives.nseindia.com/corporate/xbrl/IT_1164996_1152869_04062024063106_WEB.xml,04-Jun-2024 18:31
VIPIND,7(2),Atish Uday Kulkarni,Equity Shares,"2,000","9,82,180.00",Sell,https://nsearchives.nseindia.com/corporate/xbrl/IT_1164884_1152078_03062024041353_WEB.xml,03-Jun-2024 16:13
VIPIND,7(2),Praful Gupta,Equity Shares,"1,956","10,36,472.00",Sell,https://nsearchives.nseindia.com/corporate/xbrl/IT_1164366_1135242_23052024031545_WEB.xml,23-May-2024 15:15
VIPIND,7(2),Sunil Kolhe,Equity Shares,"1,816","9,31,584.00",Sell,https://nsearchives.nseindia.com/corporate/xbrl/IT_1163269_1076956_29032024063319_WEB.xml,29-Mar-2024 18:33
VIPIND,7(2),Abhishek Parashar,Equity Shares,"2,200","11,44,176.00",Sell,https://nsearchives.nseindia.com/corporate/xbrl/IT_1163269_1076956_29032024063319_WEB.xml,29-Mar-2024 18:33
VIPIND,7(2),Praful Gupta,Equity Shares,"3,140","15,92,400.00",Sell,https://nsearchives.nseindia.com/corporate/xbrl/IT_1163269_1076956_29032024063319_WEB.xml,29-Mar-2024 18:33
VIPIND,7(2),Atish Uday Kulkarni,Equity Shares,"3,500","18,46,100.00",Sell,https://nsearchives.nseindia.com/corporate/xbrl/IT_1163269_1076956_29032024063319_WEB.xml,29-Mar-2024 18:33
VIPIND,7(2),Sunil Kolhe,Equity Shares,"3,184","14,81,744.00",Sell,https://nsearchives.nseindia.com/corporate/xbrl/IT_1163038_1074530_27032024065535_WEB.xml,27-Mar-2024 18:55
VIPIND,7(2),Kiddy Plast Limited,Equity Shares,"4,150","25,11,757.00",Buy,https://nsearchives.nseindia.com/corporate/xbrl/IT_1158473_1004686_29122023042257_WEB.xml,29-Dec-2023 16:22
VIPIND,7(2),Ajit Kolhe,Equity Shares,"1,000","5,98,000.00",Sell,https://nsearchives.nseindia.com/corporate/xbrl/IT_1158473_1004686_29122023042257_WEB.xml,29-Dec-2023 16:22
VIPIND,7(2),Dilip G. Piramal,Equity Shares,"7,100","42,99,843.00",Buy,https://nsearchives.nseindia.com/corporate/xbrl/IT_1158473_1004686_29122023042257_WEB.xml,29-Dec-2023 16:22
VIPIND,7(2),DGP Enterprises Private Limited,Equity Shares,"4,400","26,65,289.00",Buy,https://nsearchives.nseindia.com/corporate/xbrl/IT_1158473_1004686_29122023042257_WEB.xml,29-Dec-2023 16:22
VIPIND,7(2),Kiddy Plast Limited,Equity Shares,"15,000","91,47,569.00",Buy,https://nsearchives.nseindia.com/corporate/xbrl/IT_1158329_1003396_28122023033632_WEB.xml,28-Dec-2023 15:36
